mfcc0,mfcc1,mfcc2,mfcc3,mfcc4,mfcc5,mfcc6,mfcc7,mfcc8,mfcc9,mfcc10,mfcc11,mfcc12,spectral_centroid,zcr,spectral_entropy,aci,bioacoustic_index,label
-460.37006,110.960686,-1.0357134,1.8400031,-2.0135524,4.6831975,0.487021,4.5692277,-0.38880095,2.1153235,-3.5463588,2.4968522,0.7013522,2102.6253183544914,0.10234239366319445,11.16358,0.72533834,7745.23,Axe
-445.11285,96.958984,-14.046995,6.961877,-11.2559185,-9.084963,-2.4588058,3.5299444,-8.070388,1.6411065,-3.4328501,-1.3594824,-2.2188895,2434.9601268495685,0.12696894892939814,11.173429,0.6958105,7063.8223,Axe
-578.5134,55.14737,17.534294,6.8766575,8.252394,7.855636,4.224294,1.9730445,1.5655068,2.2836812,2.6855695,2.2517672,1.8203795,1723.3562697961866,0.05875424985532408,9.551144,0.7128512,532.64105,Axe
-560.14014,53.18042,19.798641,12.080736,10.878725,7.8430905,4.031316,2.297498,0.73715717,0.66644937,1.5781083,1.6561116,0.5179685,1828.728234978058,0.05921992549189815,9.519232,0.6900349,794.9632,Axe
-562.0907,48.71347,18.918106,10.857723,7.416695,4.3694744,2.0617356,2.638592,2.2082708,1.7690523,1.6071585,0.62271017,-0.5023113,1993.6228417797206,0.07300256799768519,9.71346,0.74677217,1081.7919,Axe
-433.22815,152.86133,-10.525514,31.828186,6.0175285,-11.186931,-1.9650198,10.593605,5.849328,4.9975896,6.835091,8.9233675,-0.8211583,1273.827039018105,0.054942943431712965,10.492033,0.5624217,4219.537,Axe
-431.58835,141.84943,-16.556099,25.57335,5.364944,-6.740741,3.6583464,11.740254,2.4902651,0.36486238,5.1271033,9.789746,3.6813502,1431.6508404399694,0.06500244140625,10.451154,0.64595854,5878.8545,Axe
-513.3814,50.29218,8.554045,3.1973448,-1.084177,2.1622112,-5.6161647,-11.175715,-10.755696,-5.6242685,-6.7779574,-3.2804933,-6.8895755,3057.7611414791413,0.13844807942708334,10.830963,0.8362776,9817.981,Axe
-533.58154,41.81989,2.2296715,16.666239,-7.5689187,1.6127764,-11.690344,-12.32928,-8.926049,-4.467436,-9.774688,-4.6130834,-10.570093,3711.227594388014,0.16833948206018517,11.33115,0.94002,21095.94,Axe
-510.86523,80.04496,36.744663,33.195404,17.293127,19.456688,6.290735,5.452451,1.9034714,2.9794257,2.9802601,2.64238,-2.0921006,1793.0335026708092,0.021864149305555556,11.230137,0.8089514,13676.921,Axe
-477.69022,68.56129,29.73699,33.104,16.208717,20.141985,4.2390347,3.0703568,3.1434207,6.921287,2.2291005,4.236672,0.040876575,2019.8191711877982,0.031534830729166664,11.283375,0.7826133,16517.967,Axe
-553.8945,26.839043,7.09549,5.4790616,5.7815614,7.7933826,7.295374,5.2428703,2.792102,5.7739887,7.038195,7.1119113,5.7501106,1371.972823630073,0.019110785590277776,10.361883,0.8658454,2686.434,Axe
-486.89105,62.61988,12.5577755,26.828148,15.408474,14.197596,7.169818,3.5012195,1.5794688,3.115083,-1.0931777,2.602643,-0.18531048,2828.295140955874,0.12180356626157407,10.1069975,0.77968436,3817.6497,Axe
-555.483,66.18656,12.368388,17.929207,8.839928,11.926197,3.6151958,3.9780855,-0.40178,2.2932072,1.5700738,1.4277155,-0.25039324,2114.52224015319,0.07197175202546297,10.6310215,0.5846321,4545.2275,Axe
-530.5489,58.596527,9.777397,15.697349,7.4975767,3.5149684,2.7879438,3.0977407,-1.0453696,5.7093654,-3.276653,5.487143,-3.0098116,3289.2632807057275,0.18490035445601852,10.768934,0.65525985,3287.9385,Axe
-574.29486,56.200798,15.740734,11.212737,7.4445224,4.2626,3.262764,4.0915337,2.7652388,5.8691916,2.2895155,3.5732327,0.016362403,2952.9928378799923,0.1297290943287037,10.989196,0.73586607,6069.3345,Axe
-551.54114,60.728134,10.6521,8.968454,5.503198,4.7900624,5.4103823,4.7909145,0.77531356,5.058264,0.8984538,6.2410235,-1.9521639,3150.5040664466887,0.15035445601851852,10.871033,0.69167894,3782.005,Axe
-593.05634,63.505985,1.2457601,1.7000916,11.880638,9.582635,4.149044,1.2543994,-2.415182,5.1215787,8.445601,7.0382285,-0.8844747,2759.169037495956,0.12201379846643519,10.793514,0.8640595,4065.564,Axe
-544.88354,67.5932,2.8662763,-0.6071591,4.730424,4.619657,1.4416817,2.1924317,-5.5394416,4.5660768,3.5352583,6.7582393,-0.8255542,3151.965090104739,0.16580991391782407,11.104067,0.7717272,5710.0386,Axe
-572.8852,62.94608,14.403872,5.269562,6.906495,4.35621,3.9971654,0.37069252,-1.5315958,8.139519,6.015975,7.0850215,5.1775117,2321.094796178393,0.07712583188657407,10.7159605,0.87613374,4837.031,Axe
-338.99142,66.74581,-6.2887607,7.3840456,-12.470077,12.277667,-1.693807,12.325439,14.445703,12.791636,-0.9677513,4.805854,-2.0401134,3118.0239618499636,0.1865867332175926,11.324792,0.6130594,24128.16,Axe
-413.75558,43.099808,6.612912,16.55798,-3.4481688,18.12806,5.9105163,17.097649,14.81784,12.701281,2.5585423,8.640833,-0.76962036,3519.576393922933,0.16502097800925927,11.36047,0.7264778,21387.002,Axe
-511.24478,92.515724,30.043173,11.874171,3.215117,12.008754,14.778292,16.930525,13.232815,10.347024,8.230686,7.2236905,5.587262,1568.028043974441,0.03908058449074074,10.1161175,0.7434953,2635.2136,Axe
-360.19196,51.47883,-8.545488,9.853475,1.2029908,1.9086219,-0.13740674,2.80334,-0.6071901,2.286068,2.119459,1.6136025,-0.20052451,2921.7315004796264,0.1638206199363426,10.824464,0.69023263,24010.305,Axe
-475.42093,42.812897,-19.779488,2.4060385,-5.492269,4.931481,-3.0652754,-2.1867995,-2.2779524,-1.9508178,-1.0417597,-1.4794462,-2.4204245,3412.388989957302,0.2144797996238426,10.803669,0.7726093,8374.16,Axe
-444.80737,46.73809,-21.986668,8.067756,-8.900859,-4.3917747,-9.631219,-3.4131079,-5.5671635,-3.8020618,-2.2022197,-2.0471704,-4.259498,3246.3807195330814,0.21528455946180555,10.72987,0.7710922,9345.221,Axe
-476.2703,34.08315,-16.351805,11.507182,-8.157764,0.92752147,-6.8031435,1.5965768,-4.925424,-2.5618246,-4.5982385,0.7128276,-0.85454327,3589.2721889503277,0.23419641565393517,10.809763,0.78652084,9481.007,Axe
-505.70526,42.504925,-11.637843,2.440181,-2.3887758,-0.16988553,-4.27357,1.7651281,-6.8810644,3.8852823,-4.392943,0.99347574,-3.6404316,3549.6562115527445,0.2462745949074074,10.447954,0.7901322,5382.9966,Axe
-620.95874,41.870213,10.5665245,26.237732,9.216491,11.353633,5.2908473,6.2044735,-3.596718,9.199579,2.9232666,4.975715,0.85821533,3613.9313318625855,0.19769739221643517,11.061866,0.86255354,2813.1782,Axe
-559.48914,11.034232,1.4827377,5.685916,2.8606348,2.3823638,2.4607053,2.373675,2.0737517,2.077463,1.0976,1.9606264,1.5184793,4174.308360449394,0.20232702184606483,10.746644,0.64075494,4981.3447,Axe
-600.7241,44.487556,10.867573,2.9080791,-3.6337433,1.5400487,0.32693172,0.46059036,2.9578412,4.138854,-1.4453433,5.7049084,0.38903376,4070.647097720464,0.29018373842592593,11.080835,0.6898912,3266.7388,Axe
-602.3538,39.324566,8.880149,6.3420863,-2.5846653,2.5862055,0.20956542,-1.9525274,4.0043125,2.9134302,-1.6121962,5.2073097,-0.921889,4159.545511696615,0.31870976200810186,11.213479,0.675272,5380.8403,Axe
-428.65002,107.395004,28.76672,17.62749,8.054473,4.3002405,6.1456122,8.036678,1.5605417,0.6913901,0.2495178,2.4536042,0.8327649,1259.076551514133,0.0768161349826389,10.427951,0.62278414,19532.1,Axe
-382.06302,110.2189,10.485134,9.257594,9.086723,4.7673545,3.8857396,7.0742426,2.1427047,-0.2712399,-2.8228862,-0.9020609,-2.1591563,1536.7290781096253,0.10487196180555555,10.439989,0.60675985,29626.531,Axe
-596.4022,86.16215,19.790394,5.077338,8.990241,16.537327,14.888733,15.664612,11.059297,11.257426,7.969877,8.340934,4.2413106,2180.542266747887,0.05580873842592592,11.323017,0.8332082,6239.682,Axe
-632.513,32.226482,-15.486077,6.3069305,-5.405149,-1.6331251,-3.1235676,-1.1791396,-4.7248983,-7.13223,-1.2342995,-3.0161986,-4.3430624,4165.904481278804,0.3474799262152778,11.237196,0.7234653,6969.304,Axe
-407.28864,82.764755,12.269391,24.669373,2.2552214,12.548414,9.011636,9.2484665,11.554035,7.0644417,7.1785955,9.729134,4.0631995,2240.8345285830223,0.05880172164351852,10.971804,0.7148091,18111.43,Axe
-394.9565,96.35273,12.490924,24.098024,3.3944616,16.27631,10.088148,10.1240225,12.166035,8.82113,7.847132,7.0043945,3.5383334,1851.1920173652466,0.041015625,10.756174,0.7118568,15344.596,Axe
-370.08817,137.29904,-4.781424,-4.5212255,-8.218955,-0.73213434,-3.3582673,1.8127524,2.8554976,9.5294695,4.5237775,13.833349,8.20306,1902.4638193954836,0.12793872974537038,10.299105,0.5756998,9099.268,Axe
-375.86053,144.14569,-6.7501264,-11.949502,-14.540039,-1.4346136,-7.584536,-0.229265,-3.122307,6.934711,-5.446507,4.688671,3.826512,1536.444399442665,0.07399721498842593,10.500351,0.5930876,6721.5884,Axe
-389.30453,76.72812,30.31467,17.320034,11.778342,10.679985,9.991521,7.5629396,3.8212903,2.4007618,3.6780152,7.6326556,0.24128817,2101.728991952512,0.06609429253472222,11.06242,0.6803797,25288.936,Axe
-577.7876,78.06303,37.192177,28.175806,24.097897,23.831743,23.18727,22.666878,17.796404,18.06441,15.147646,13.591333,10.698171,451.60638287865345,0.006481029369212963,10.697655,0.71322745,3792.0603,Axe
-405.24634,62.95023,12.4557295,10.121369,7.329209,17.687454,11.958613,7.517335,3.429384,8.848066,5.8903403,3.2665052,3.6365283,2907.4903976340256,0.18229844835069445,10.553424,0.6499534,10849.1,Axe
-172.50037,79.76631,-4.0699954,17.178394,-0.93102527,12.470515,-2.7452357,6.101998,-1.9234124,3.511635,-1.8649985,4.498574,-0.98170704,2947.4421080729635,0.1707130714699074,11.029829,0.5432866,134788.69,Axe
-268.7101,38.7969,-11.917003,17.616621,3.5344517,14.194006,4.141222,8.621149,2.351504,5.8947144,-0.6472013,4.615966,-0.114798866,4010.4575048275356,0.29662181712962965,11.253712,0.55536205,86657.766,Axe
-318.12698,73.04342,6.4458404,17.883965,11.59085,17.483341,9.997754,10.503237,4.4403343,5.7412653,2.9947476,4.9098663,3.0927145,2377.766732243999,0.07359709563078703,10.8525505,0.6207124,40260.125,Axe
-323.745,85.979836,16.268515,18.730818,14.489332,18.451767,9.036562,12.254356,5.828559,7.8684626,0.58458555,1.9766103,0.3443968,2172.6570146529584,0.06311939380787036,10.50185,0.59362984,20726.266,Axe
-179.0108,71.34674,-16.214748,21.24032,1.6038709,15.876567,2.8679202,9.203018,0.6497323,4.35998,-1.2749456,3.7637985,-1.3761675,2835.1846143675793,0.15419967086226852,11.120995,0.5860827,92488.77,Axe
-370.96295,51.210884,-14.456061,11.909631,-1.6450862,3.8064444,-0.3700956,1.9833964,-1.2187299,-1.1523316,-2.2234023,0.17876752,-1.0167073,4523.786739239676,0.4002956814236111,10.870343,0.56974185,35712.387,Axe
-660.24146,85.23895,15.024238,8.439836,8.4919195,8.861368,1.8519235,6.3617587,6.424648,8.292116,5.814396,7.310145,4.2362933,1832.6567472721354,0.05125370732060185,10.457384,0.8227331,1326.4564,Axe
-756.8251,40.701214,24.1841,20.400124,18.869238,18.483585,18.119162,16.55823,14.759063,15.195215,11.99089,12.555102,10.177173,1380.321270010272,0.013812029803240741,10.452133,0.8859092,582.7243,Axe
-447.96304,31.792345,18.349413,33.577095,8.9828615,14.751435,9.120394,9.903017,0.17027922,11.384324,-0.73174405,6.618061,1.1638696,3957.1421131276616,0.20158103660300927,11.037725,0.5407312,13096.649,Axe
-384.40094,52.887768,-10.676747,34.243725,-17.896524,37.219803,-14.473992,18.999699,-7.0152736,3.0596247,-2.571701,-1.813869,-0.7587578,3485.1805120969098,0.23557761863425927,10.993104,0.6431839,24153.57,Axe
-605.2163,71.166916,11.213259,-2.7427654,-2.319393,1.7984475,2.0658064,0.9990319,-2.5432627,-1.5126718,-2.8848403,-3.9284322,-3.0384753,2018.4910015775429,0.0899658203125,10.894628,0.8997674,5479.587,Axe
-251.7592,114.44258,-42.99903,39.877975,-17.794361,14.838235,9.756434,-1.2580993,15.948186,-0.36617047,4.1983113,5.669399,-3.1251757,2066.2059018151494,0.0862087673611111,10.712084,0.59155357,27667.646,Axe
-658.2655,93.618225,4.133403,21.037027,19.953636,18.417814,15.803076,17.343699,9.64705,14.11917,12.1256895,12.561008,10.627662,1193.3977229879645,0.020799424913194444,11.158704,0.79754287,2753.4065,Axe
-555.7063,83.06201,13.705623,33.16036,21.034994,22.640713,15.988347,21.547586,15.287314,14.562194,4.6550236,13.539018,6.4199176,1225.5732968373297,0.016777886284722224,10.931807,0.7173763,3558.1357,Axe
-233.44943,82.10886,-44.842087,30.974943,-23.00477,26.586344,-22.24067,-4.481872,-6.532161,-5.031139,-5.1250834,6.1802115,2.0939739,2683.1834061369514,0.17192021122685186,11.015894,0.45921037,32102.28,Axe
-407.43222,72.56853,2.1363785,20.378698,12.25468,15.55988,13.371929,10.491284,4.2768,8.762864,2.8275106,3.5999796,2.622674,2407.7010823050678,0.10077130353009259,10.959548,0.66772133,17448.59,Axe
-677.25,60.915146,-4.889368,24.851063,9.426258,5.1925898,5.708898,5.068366,-7.937535,11.932918,1.5981588,16.872185,3.9713945,2238.4838888673266,0.04558874059606482,11.0676775,0.7576333,1932.637,Axe
-658.9643,22.692404,7.379792,19.68193,10.939218,13.279161,9.920549,13.8510475,7.576695,12.265855,6.6826496,12.213395,8.020667,2638.3043716752168,0.05416078920717592,11.215579,0.8753517,8408.127,Axe
-415.29227,39.759113,8.179658,3.351253,9.696199,4.9941897,6.296363,5.388787,0.65156317,1.3100722,1.4091828,3.576995,2.0578673,4269.9746705110565,0.3302024558738426,11.147724,0.7321642,20664.508,Axe
-540.15393,29.731918,19.871513,16.987566,9.703204,9.525318,6.6403546,6.9310417,4.650691,5.30079,0.33930987,1.1293348,-0.3675401,4096.98708334795,0.29561586733217593,10.71503,0.88882625,7442.7827,Axe
-569.0468,23.959444,12.772758,10.572408,8.8248005,6.320746,2.7030065,4.8352356,2.8759625,2.2836306,1.8562499,2.2018216,1.2257141,4082.0438365876216,0.2686292860243056,10.424105,0.91229796,3678.0786,Axe
-626.0755,36.16889,19.861547,18.084425,6.4372525,3.3323102,4.8201046,4.793882,0.5454026,4.1005735,1.1575124,1.2588416,-0.65558535,4018.45819504192,0.26478633174189814,10.199558,0.8162891,1640.3025,Axe
-659.86774,7.804789,-4.1636186,1.9891864,-22.302122,-5.174057,-12.215041,-3.397862,-11.40462,-2.9629138,-13.721253,-2.4276447,-6.093264,4647.228873148745,0.3834567599826389,11.371003,0.79077506,8525.629,Axe
-35.721752,127.47761,-10.488154,8.923229,-12.040238,2.49416,-8.2764845,-0.38239175,-7.1974835,3.6880567,-3.8167012,3.606302,-4.7097526,1857.2804590947233,0.08539270471643519,10.6132,0.5248072,135578.14,Axe
-616.83954,66.32178,23.303926,22.18087,15.530927,16.664444,14.906108,10.261312,4.774369,9.154393,5.4305325,7.1550317,3.8060954,2255.817632549615,0.07698567708333333,10.924458,0.8492815,2765.2869,Axe
-645.46313,47.059162,18.492632,18.415182,11.341313,11.148523,11.121376,14.071429,8.91063,8.922919,7.8870425,5.366028,5.2175336,1706.5205261701174,0.02846046730324074,10.810879,0.87439865,4169.607,Axe
-486.38504,70.442604,12.985979,1.7513479,6.3099613,19.65889,17.913868,16.785658,6.642459,8.008335,5.1117887,5.4169374,3.651903,2768.7343278110416,0.11278392650462964,10.782674,0.65363926,4807.1904,Axe
-591.6542,77.135956,15.775671,1.0757616,-9.341039,9.452973,9.351306,10.262915,9.872235,7.7371745,6.428122,3.9942327,0.9091461,2787.4711437650894,0.12949399594907407,10.156749,0.709793,1393.6445,Axe
-535.7989,68.31089,3.4507272,9.637272,4.8609185,16.85516,6.4741297,6.599097,4.807338,4.4529886,-0.495077,2.495483,-1.5274222,2733.900944838263,0.10501889829282407,11.169123,0.83523315,10314.857,Axe
-474.12033,16.529404,-5.07416,17.531546,5.8764353,9.398725,-1.7271991,8.458527,-5.2852397,5.0258512,-6.562445,2.6788983,-5.0236735,4423.225249964943,0.33174867983217593,11.250986,0.7589904,27211.525,Axe
-555.5769,68.21509,23.890072,7.4508157,6.2477117,9.795831,6.3227663,6.9799905,1.1349249,2.2652032,4.347939,5.573102,3.818486,2299.1057740033216,0.08245397497106481,11.055601,0.82504714,4780.654,Axe
-636.2273,94.7606,0.77373815,35.969204,-1.17189,-4.7759705,-18.019072,1.2383744,-17.181778,8.204116,-2.011133,-2.7758276,-3.1219478,2841.19430081982,0.20162398726851852,10.17095,0.5519571,747.08044,Axe
-447.1354,24.590757,-1.3028181,-13.524337,-9.676103,-9.697691,1.5296547,2.4639497,3.5248892,5.9210973,-4.0101047,3.6503673,-6.797332,4351.759183725803,0.20918556495949073,11.357309,0.56451815,33155.074,Chainsaw
-142.1101,-9.036129,-41.021942,-20.150217,-24.622206,-5.576763,-15.194416,-5.436125,-6.1357727,-9.64903,-16.959898,-9.046407,-7.1215672,4496.687580021361,0.3575507269965278,11.3551655,0.4547405,133714.1,Chainsaw
-68.40426,18.771214,-4.159212,20.676718,0.5441013,-6.9070187,-6.2875953,17.487473,2.0275664,15.712475,-0.439988,8.691143,-2.4538026,4328.479564799027,0.27707700376157407,11.286469,0.45565066,223158.67,Chainsaw
-27.32288,7.1547465,-29.410397,15.266258,-18.800077,-7.3600597,-10.401854,1.7749168,-7.1769905,9.242274,-0.8029004,0.8291749,-5.444818,4136.052815813934,0.3005167643229167,11.274591,0.4468605,349925.9,Chainsaw
-171.85222,60.880444,11.195476,11.596629,-6.2978525,-14.781767,-12.857686,-4.885607,-6.3652005,0.88243973,-4.0905285,-5.3411827,-15.56864,3188.12016179406,0.1443413628472222,11.001414,0.4466705,49762.043,Chainsaw
-172.63538,18.051455,1.164142,28.857485,-17.972948,-15.68689,-28.06412,-8.571174,-17.683634,4.0448527,-17.894667,-8.343344,-10.128562,4065.30967517308,0.23936405888310186,11.129143,0.4081133,86623.734,Chainsaw
-95.30682,57.245586,1.1729127,10.545324,23.331833,18.772045,6.6829324,6.4632497,-0.192814,6.118343,-2.8085043,3.3621385,-1.108603,3314.003379637251,0.11029730902777778,10.972878,0.41304466,89462.95,Chainsaw
-164.71785,9.664275,-108.520805,69.30102,-118.02982,12.5001335,-51.970707,43.429092,-14.761821,-7.0353065,10.860371,10.088674,12.775811,4151.79702410506,0.37804045500578703,10.85374,0.49804696,388526.75,Chainsaw
-127.13213,37.61855,-11.770228,8.231883,2.8820171,-14.405296,10.396837,2.785496,17.882341,8.984527,-1.329156,-2.6588736,-3.8690536,4153.648871192425,0.2961697048611111,11.290066,0.48155057,76567.305,Chainsaw
-128.16809,109.1853,-1.9771898,-4.3873615,13.841692,13.172478,5.7834387,1.9911315,0.9235989,-2.5237873,21.89308,-2.1181836,5.469244,2297.306577382392,0.09572347005208333,10.7214985,0.4835258,40716.68,Chainsaw
-148.9997,20.426144,-3.2406268,-7.536463,1.4104648,-10.169292,-3.7189817,-7.763905,-3.179308,9.523954,-2.3510633,-3.9762013,-1.4225992,4740.167379339502,0.3795753761574074,11.241092,0.47832596,68913.62,Chainsaw
14.506852,-0.14899756,0.685555,8.833478,-13.249127,6.7327332,2.326683,-2.8062253,-8.459085,2.0621538,-6.6357107,0.5421114,-3.1043077,4914.902622281452,0.39081940827546297,11.351517,0.4358381,509593.44,Chainsaw
-292.0011,99.116745,15.968897,35.868347,32.415676,22.84691,12.446831,23.676575,7.320453,5.3352976,0.21324977,0.20170374,-7.077207,1360.5203831923805,0.04405834056712963,9.448966,0.31933472,17145.436,Chainsaw
-68.71463,64.199005,-2.3150945,16.255898,-17.65546,-0.49077848,-13.092737,2.4822004,-12.053028,-3.493915,-5.170718,2.0603633,-8.850982,3102.348528586419,0.1558204933449074,10.969444,0.4096193,156580.45,Chainsaw
-205.66765,23.859688,-8.422192,25.837076,6.6498985,8.125383,0.85301375,6.715339,-11.094149,6.199688,1.184183,-0.9778053,-3.4290903,4099.955484866378,0.29908356843171297,11.265347,0.4539066,45256.773,Chainsaw
-145.86568,106.318886,-47.59695,2.176552,-34.098907,0.6794911,-5.764068,14.546087,11.938564,10.183513,0.8332412,9.0109005,-0.04508793,2253.852831983034,0.14164225260416666,10.629431,0.44922927,64393.668,Chainsaw
-162.2667,37.028538,-9.378411,12.685253,-14.057163,-9.533498,-10.181883,-6.1481915,-13.01931,0.26119325,-11.897057,-4.3989444,-18.9301,3791.58847669914,0.25481273509837965,11.23018,0.47077715,73559.45,Chainsaw
-249.90802,84.72178,1.8700926,37.464382,-7.4489202,-15.54943,9.66621,24.018583,-19.32472,-5.738177,-8.083996,-3.7606456,19.827343,2778.5776628786803,0.17659505208333334,11.045035,0.47125795,27062.553,Chainsaw
-5.560489,3.8762271,-16.954191,8.638044,-11.362766,17.960045,-24.961996,-10.234851,-13.241703,11.252803,-13.644153,-3.7242296,-8.311962,4669.719949343441,0.39894160517939814,11.317468,0.4482783,460513.88,Chainsaw
-79.17648,37.69926,-12.025621,12.052611,-15.613075,-1.7776237,-7.2428045,4.63978,-8.590473,7.718473,-3.0929446,2.9529507,-5.2176065,3850.950418561664,0.26887568721064814,11.272906,0.44212413,152089.17,Chainsaw
-287.84076,-17.705473,-29.650919,4.940951,-15.791549,9.39825,-2.5746155,10.909702,1.763918,2.4223769,2.5275111,11.141664,-1.4366271,4596.7100947361605,0.36127613208912035,11.288995,0.4658981,30898.426,Chainsaw
-22.781693,31.505322,-16.545033,2.592543,-12.107323,7.1718884,-3.8800356,1.2558602,0.26924607,9.753499,0.98901254,1.133182,-3.7600398,3964.0460818828706,0.2910743995949074,11.291384,0.47925392,341187.94,Chainsaw
-180.80827,38.532978,-22.007927,31.191162,-26.163729,-3.382321,-18.826826,2.0913327,-21.73744,6.8621397,-8.2853155,-4.073581,-17.537779,3683.5895124513127,0.3003065321180556,11.256875,0.46230292,60972.484,Chainsaw
-201.46024,110.19995,-56.622112,26.17368,-18.769766,10.626539,-6.8707204,-3.167257,-5.1805263,5.477154,-1.7992607,6.8239417,-4.8141174,2186.7889202629067,0.14564118561921297,10.768529,0.4117974,33035.344,Chainsaw
-0.2715375,-2.851936,-42.877323,0.68250644,-20.821386,-24.16531,-8.350649,-13.314455,-16.224705,-6.5025287,-7.4064603,-10.575185,-12.591659,4064.0970408068474,0.2910088433159722,11.222033,0.47788325,478232.06,Chainsaw
-222.29318,93.98207,25.885887,2.3209488,-5.1052074,15.693214,-12.855541,12.781938,-3.4452496,5.3198414,3.0410147,-0.007229699,0.32962364,2844.038112395647,0.20904541015625,10.979936,0.4558887,28712.002,Chainsaw
-61.553867,59.252777,-13.940674,24.036825,-11.153234,2.5676486,-10.111335,2.272102,1.5680822,-1.4411707,-12.461112,-2.760758,-0.488823,3025.874731054408,0.15398265697337962,11.028009,0.4355682,175992.16,Chainsaw
-75.33708,6.157528,-46.205673,-5.450523,-24.668566,-15.590742,-8.989095,1.474446,-5.963309,-0.51681,-8.214048,-10.962611,-10.988367,3866.941595816685,0.2631180374710648,11.219483,0.45564413,204523.23,Chainsaw
-88.91197,34.707138,-17.304796,4.9272666,-20.058098,-7.244242,3.4549422,-8.254662,-4.6504383,0.04590635,-11.897773,4.108573,-10.04749,3980.4318324817827,0.27232078269675924,11.301645,0.46610945,150846.95,Chainsaw
-104.25905,77.90678,-17.375883,-7.88568,-28.562063,-6.7256055,-24.53385,-4.942944,-10.146778,-12.84514,-10.650077,-5.695728,-11.777369,2807.327538462245,0.1599414966724537,11.009773,0.4155923,90289.08,Chainsaw
-17.113651,-0.35526416,-19.98975,10.276771,-21.7929,-8.490342,-7.8283124,-4.4891777,-1.8706317,2.6022143,-12.068036,-2.3435588,-10.6564455,4328.8205718873005,0.3117359302662037,11.28566,0.45964018,369430.9,Chainsaw
-332.3324,11.066485,-35.056763,24.083117,1.3827219,11.312168,5.423031,22.123178,5.6339793,21.386936,5.166637,20.085459,5.690687,3236.2464908761904,0.11824318214699074,10.7349205,0.4479667,15873.7,Chainsaw
-241.8308,45.940983,-4.5195127,26.464355,5.0532756,-8.963423,0.5362941,-6.7998767,-0.28519806,-0.5260414,-7.7182517,4.752301,-1.2773219,3666.946770659334,0.23448576750578703,11.20221,0.4854221,29724.344,Chainsaw
-417.441,94.33173,-14.677411,46.04809,15.019713,25.324516,10.916844,12.269239,11.777106,5.521228,-0.6855999,10.861412,12.714492,1744.3695479534786,0.052510579427083336,10.579824,0.5102302,6082.5464,Chainsaw
13.091109,29.691727,-8.435366,2.311726,-17.65609,-0.027562106,3.0109568,4.9163632,-1.8615099,-2.011755,-16.82491,-5.3150196,0.5736358,3970.945462702742,0.29606345847800924,11.353253,0.49483612,825248.56,Chainsaw
-179.98732,49.1169,-25.822485,18.24142,-11.884133,-5.293161,-5.200024,5.306331,-2.5185087,9.854649,-0.66487813,2.4755633,-8.595387,3211.445431350492,0.2096851490162037,11.088868,0.46849278,114116.11,Chainsaw
-250.75703,149.90916,-65.828674,67.62184,-20.320976,-28.12668,3.919222,-32.30129,-8.749238,-20.676847,0.3502494,-6.461899,-26.897429,1711.9285593139894,0.10320140697337964,10.182335,0.47920114,38034.504,Chainsaw
-22.600185,68.25147,8.76258,8.367558,6.975741,2.3428075,-0.78235316,4.422633,6.577856,4.3988495,3.9346268,7.8354797,1.8838968,3349.060112243201,0.21202709056712962,11.203237,0.47458634,251269.89,Chainsaw
-124.07847,101.06704,17.19666,3.7976427,-24.953201,9.915969,-22.731155,1.3467438,-7.1938314,-10.327578,-7.293308,-8.875893,-6.332418,2399.2663183312816,0.0999755859375,10.716933,0.42095357,55328.12,Chainsaw
-133.391,125.99687,9.73365,4.057819,-29.371025,17.192472,-13.400732,17.20909,-7.356368,1.5155342,1.7026724,7.3156705,0.6875562,1851.5855431765133,0.07582826967592593,10.439646,0.39129528,41028.277,Chainsaw
-87.19493,34.265533,-17.5599,4.5629387,-20.323618,-7.2687902,3.5894015,-8.324864,-4.7505503,0.058633734,-11.839663,4.0733967,-10.044652,3989.0278042697482,0.2726734302662037,11.30071,0.46294826,152997.14,Chainsaw
-104.2388,77.904526,-17.41229,-7.893105,-28.536694,-6.7115445,-24.571306,-4.9317503,-10.096906,-12.868635,-10.659693,-5.6988287,-11.764241,2807.3184815686686,0.16010425708912038,11.009758,0.41553307,90294.53,Chainsaw
-60.51092,63.95663,0.72878945,10.365204,-10.655507,6.699377,-18.774712,0.90282965,3.2456162,11.440493,-3.0643492,0.7043628,-4.3006425,3263.494214964921,0.1941234447337963,11.074573,0.47004887,148985.48,Chainsaw
-18.796278,17.182468,-31.72035,-33.193863,-9.004449,-5.1918087,-14.301335,-16.253649,-10.4070015,-0.34589866,0.44276753,6.6120763,-3.0616212,4340.035954556396,0.2819146050347222,11.230688,0.4514812,225776.02,Chainsaw
-237.88087,20.64445,-34.486088,26.647331,-1.4528948,9.879967,0.28563026,26.854324,4.2855654,20.810204,5.5965395,14.823132,-2.7559855,3405.8704941984315,0.1566184714988426,11.106796,0.44698644,45354.56,Chainsaw
-31.069008,3.623072,-105.045906,56.617756,-22.695984,-14.3569765,18.700418,-8.192931,-4.8945074,18.900976,-11.376478,9.460527,6.9595327,3558.894340802512,0.32337330005787035,10.626074,0.46293262,894438.8,Chainsaw
-1.0200082,21.223213,-25.2443,-3.0856373,-19.18146,-5.5635366,-13.381974,-4.8094325,-1.7286536,6.7646527,-8.244546,-0.04709131,-5.4878716,3940.007522661113,0.2465797706886574,11.226295,0.48865178,394606.0,Chainsaw
-232.0167,38.43393,1.4069397,24.818314,9.907375,9.616521,-4.3605065,1.2626708,-12.657453,0.55447304,-7.689445,6.109022,-7.606757,3807.7270929126717,0.23665364583333334,11.317107,0.486079,41355.652,Chainsaw
-7.9407067,43.279762,6.31806,4.3199635,-17.74662,-5.4499154,1.3862981,5.4916816,5.158203,31.12839,10.484029,7.0194297,-4.988371,3884.4515803286113,0.22456642433449073,11.156949,0.4042355,270130.7,Chainsaw
-141.28844,-8.886296,-14.519117,13.393181,-8.881026,6.986541,-0.632886,13.230503,-0.25682902,-1.6792984,-9.970007,0.5234048,-7.1842585,4573.867910177471,0.2525047019675926,11.259208,0.43326175,114785.46,Chainsaw
-313.06134,32.991497,-5.0006633,17.407259,0.1800975,1.1592058,-0.78597504,11.879661,-0.8382834,18.987093,7.555604,19.629051,4.1941614,3415.1381924297893,0.17372413917824073,11.240351,0.47826454,21779.404,Chainsaw
-59.070076,82.28959,16.680403,38.25887,5.1212835,20.685108,15.984962,1.381312,-16.95118,6.397785,-10.596612,-1.5282197,-2.5977476,2581.8883600911367,0.139892578125,10.84492,0.56780463,144023.31,Chainsaw
-196.09969,25.05088,-3.9158082,16.273426,-3.8379698,4.0307646,-1.3446658,11.691979,1.0163707,6.7278056,0.7045514,4.5506263,-7.692489,4181.250809917796,0.2801581488715278,11.244684,0.4568581,58430.13,Chainsaw
-50.54956,32.952946,-21.369173,8.377108,-17.03031,-9.868995,-7.8925257,-7.335385,-12.498797,-4.7894797,1.6208732,-5.9860287,-9.723287,3220.539194258556,0.1015285915798611,10.801035,0.41622877,185887.4,Chainsaw
-504.29047,111.70279,-5.9122553,18.071547,2.8470318,8.678722,-0.105273515,2.7285233,0.26876208,10.018398,7.899091,7.708436,1.1073109,1706.1586961216133,0.05127405237268518,10.7449665,0.5627213,2350.9316,Chainsaw
-283.50046,87.46707,-9.745814,37.656563,-29.51282,-10.508101,14.429478,-2.2458103,-8.343554,6.0431337,-12.557713,-9.647601,-6.544422,2463.6465877785736,0.12905092592592593,10.644451,0.43461254,16709.965,Chainsaw
-116.362236,61.606194,-26.211601,-10.303015,-14.540546,-0.72536165,-6.42447,6.479634,-2.5278444,9.159071,1.9151992,14.192252,-1.7802604,3240.623234686581,0.2091064453125,11.100525,0.5352454,158831.86,Chainsaw
-4.0296564,46.937725,-34.699665,-2.551404,-11.648296,-12.671999,-4.528462,-8.996167,-7.737959,7.7677646,-8.705276,0.33556366,-12.688157,3440.861980947691,0.22834382233796297,11.172443,0.44996592,302476.38,Chainsaw
-156.5085,18.107988,-29.2,22.073574,5.0397944,1.5782784,-12.790777,-8.969008,-12.803487,-6.6645455,-1.706257,-1.736588,-11.6935,4078.962731784133,0.32517722800925924,11.314449,0.49371776,85473.67,Chainsaw
-159.80563,26.995682,-17.52987,21.049574,2.5668595,5.740151,-9.966521,-10.908149,-10.313432,-1.7631112,5.64724,1.3763928,-8.233131,4073.975887530615,0.31905562789351855,11.330513,0.512287,71490.04,Chainsaw
-150.71553,40.271015,-15.138591,23.759111,7.548188,7.536753,-10.823887,-2.4865706,-8.710654,-6.618954,0.04729631,-6.6739306,-8.873375,3804.9199395668716,0.2878124095775463,11.3076935,0.5572811,75817.98,Chainsaw
-178.3886,31.603334,-25.648829,13.284051,6.552387,13.452523,-13.654708,-7.274476,-8.687285,-6.1202297,-7.171769,-7.3048377,-10.208512,3941.975239603737,0.31154830367476855,11.309429,0.51331574,55923.496,Chainsaw
-226.36864,45.84751,-14.928939,20.378048,7.4967427,12.015094,-13.291463,-9.890288,-9.605538,-10.195866,-2.8451848,-6.7363944,-7.7063894,3603.4215581730386,0.26130054615162035,11.271246,0.55420095,32496.352,Chainsaw
-201.46661,57.105244,-18.346586,17.78776,8.807324,14.806573,-13.49102,-6.9123526,-8.188358,-6.2210603,-3.2736533,-11.438269,-9.205665,3289.372257427982,0.22517225477430555,11.198451,0.5390884,41816.406,Chainsaw
-165.97205,60.056087,10.944808,11.143858,-11.651664,-3.3526964,-10.049678,-13.477282,-14.710288,-6.8236456,-7.163253,-1.2101016,-2.7507935,3494.8228589772607,0.2043479636863426,11.207993,0.4903155,69422.484,Chainsaw
-226.64168,26.167599,-91.97216,63.854225,-102.21227,11.611297,-46.606777,35.765697,-7.6351047,-10.094006,10.283766,4.3218517,10.69843,3878.0716974021434,0.3385303638599537,10.878398,0.53445226,229249.83,Chainsaw
-289.26233,54.374374,-2.817419,2.6103916,-12.652877,3.6638625,-8.57925,-11.583157,0.64345175,2.1832693,-3.277446,4.9588327,-7.327908,3491.595375254465,0.24312789351851852,11.231646,0.53301394,66008.66,Chainsaw
-282.31653,48.12709,4.460911,6.3753834,-12.237184,9.410444,-0.5495148,-13.214921,-1.2948768,3.9200637,0.8841011,6.9273224,-5.209224,3606.3890837010167,0.23106553819444445,11.247117,0.50779665,67758.32,Chainsaw
-58.234356,108.09174,-4.9881344,20.333529,-7.2351813,-5.498441,-7.555735,0.03834725,13.324501,-0.66961646,-0.33847943,2.5605376,2.2789972,2160.2232881930345,0.08593976056134259,10.753248,0.43493015,95835.65,Chainsaw
-73.30721,14.3184595,-6.4396725,1.7746396,3.3127077,8.835918,-2.917189,-3.5698557,-10.206251,-3.9578414,-3.203535,-7.592516,-4.033033,4605.718644174871,0.33705873842592593,11.306309,0.46674836,183442.7,Chainsaw
-64.95507,19.436184,-10.178912,-4.567733,-8.2345495,-4.7474146,-8.772769,-5.1309133,-11.26382,-6.0370994,0.07589594,-3.5306752,-2.2768764,4466.815548855561,0.30518482349537035,11.306467,0.46160164,168782.94,Chainsaw
-146.34799,32.004227,-15.4645815,3.5180502,-6.9106803,1.7295707,-5.745033,-1.6577965,-3.7908413,0.8702793,1.5912828,3.651267,-8.627382,4040.760471135393,0.2995560257523148,11.330372,0.47398835,92983.81,Chainsaw
-86.22767,100.27856,15.51084,30.196264,13.632233,-5.557651,-6.6470203,-5.287771,6.6249332,-0.1908061,2.0133436,2.0181873,2.1670856,2278.861322350823,0.061543782552083336,10.714603,0.43235132,71510.28,Chainsaw
-201.12704,44.06906,-6.4319,2.4855695,-1.5620117,-0.5230376,-7.964192,1.5524813,-5.468171,0.26757824,0.5688466,-0.32429448,1.7351679,3822.417002746073,0.26359275535300924,11.260381,0.48971686,44488.008,Chainsaw
-256.74826,71.76873,15.400999,9.641194,3.8112333,-0.9233155,-0.7617767,4.0079794,2.635754,1.8818609,6.06025,10.370307,2.2252588,3288.561819705774,0.22734013310185186,11.213854,0.5038373,28554.81,Chainsaw
-354.56482,77.12759,-34.60113,-0.18276526,-1.0952941,4.2744975,-13.309371,3.563303,-0.10572024,1.8962373,-0.025583206,13.286214,-2.009318,2646.1387468426933,0.15177408854166666,10.8233385,0.7221906,26777.242,Clapping
-396.64984,74.23282,-24.597305,-5.4450774,-9.498128,7.439855,-3.7479098,6.3798575,-2.2778401,8.925536,-0.31863227,5.9620576,-1.0803123,2900.989882684603,0.11256917317708333,11.175987,0.67029387,6783.187,Clapping
31.002405,31.38914,-75.70457,-25.066782,-7.717769,-8.224205,-18.883938,-3.9767282,-8.230156,-5.4027305,-9.934898,-0.18391174,-5.396934,3196.4648333430405,0.21223732277199073,11.026028,0.52666026,505971.78,Clapping
-685.5599,0.42584443,-12.843253,-0.9240558,-2.38343,3.0748403,0.31569347,1.507392,-0.7599494,0.32860547,0.37944853,1.627141,0.4116843,5826.8494086682895,0.5043651439525463,11.15888,0.77812856,17341.045,Clapping
-520.74603,68.50285,-35.375652,-22.10093,-4.7401886,22.256441,0.1454133,-0.05859361,3.1627584,0.5164905,-3.2393618,4.795086,3.2584178,2833.4781691634903,0.15724464699074073,10.852639,0.8415945,8164.04,Clapping
-376.1775,27.310873,-74.6592,-22.236856,-29.531223,-6.6286693,-18.70432,-8.925635,-12.803602,3.2822475,-6.469055,-3.5349216,-5.346084,3482.4925886158007,0.29536042390046297,10.918976,0.512769,26660.162,Clapping
-662.5971,105.0508,8.37802,5.3931756,-11.17932,-9.858247,-13.902538,-5.5671825,-11.215321,-5.1512656,-7.791976,-3.0815425,-9.277697,2285.4855173652372,0.11262794777199074,10.739182,0.80351466,725.45245,Clapping
-597.5205,16.342081,-6.6079593,4.7846904,4.945518,8.897289,3.0732687,6.089758,5.78256,7.6910706,5.652901,6.314234,4.0037284,2372.4082022071148,0.022135416666666668,11.251248,0.670066,19019.912,Clapping
-513.3649,120.92911,13.892429,-13.784235,-2.529577,10.619794,1.9726659,11.626693,3.161591,5.102945,-1.307905,1.7200251,-1.1099967,1729.4173877190385,0.05092818648726852,10.518534,0.7593715,2086.4404,Clapping
-181.6352,66.06961,-81.421715,-32.75831,-42.536106,-14.885808,-5.312805,7.9833565,2.3274586,6.243936,-6.46647,11.066909,9.72691,2146.1864555863212,0.1122097439236111,10.322711,0.4791319,45916.176,Clapping
49.172993,33.846527,-42.093914,-12.824969,-35.28233,-6.6681976,-18.075039,3.8872497,-3.9133348,-9.15203,-10.649223,3.6166086,-6.8346095,3495.8655524029664,0.20756022135416666,11.161233,0.53721404,655216.9,Clapping
-264.64624,78.56967,-75.314415,-22.965952,-33.854042,-8.742828,-11.471793,10.822305,5.996832,17.11012,2.4232075,12.000436,10.161926,2120.7765924144906,0.1152004665798611,10.465926,0.51996195,19563.713,Clapping
-454.34317,78.81739,14.403138,13.795053,13.637042,15.610431,0.67844474,8.867305,6.8717504,4.7047143,0.97766083,7.016891,4.5763187,2292.209239283387,0.0630787037037037,11.170006,0.85745513,29670.43,Clapping
-536.3059,30.30548,-53.34515,-24.752695,-17.73419,-10.8034935,-13.66287,-12.43484,-18.973787,-16.226803,-15.393077,-7.1293244,-4.353065,3394.895355796681,0.24657072844328703,11.201584,0.649091,20388.146,Clapping
-550.5109,45.396427,-33.671562,-24.995045,-12.159196,-1.3954233,-0.8354217,-0.6230673,-3.4934263,7.6706605,-0.29525533,-4.628033,-4.2686667,2852.6658815865853,0.16606535734953703,11.072983,0.89880204,34929.406,Clapping
-402.90424,60.37527,-45.278732,-11.151938,1.2729923,-5.9151487,-2.270914,5.8399086,-4.307502,0.26152548,1.5139929,1.9121659,-6.3349814,4054.6379216684136,0.34260163483796297,10.960361,0.5688758,34896.42,Clapping
-642.5699,36.88046,18.428064,20.873549,19.682713,16.07134,10.499108,8.692114,7.6318293,3.9480932,1.6894273,1.8964337,0.6251397,2287.5732620378294,0.08613190827546297,11.003773,0.82593906,6742.2285,Clapping
-555.99194,32.90726,-18.025045,-7.522824,-8.283547,2.1984785,1.8405244,7.962139,4.891309,5.6512294,1.5118493,3.2094512,0.5126542,2486.8841338418943,0.05123336226851852,10.893471,0.6702585,20755.344,Clapping
-161.53897,-22.071163,-36.106277,-8.09605,-5.4682016,-8.616746,-11.650732,-16.13364,-9.519135,-7.0254803,-6.9864187,-6.823026,-10.431453,4899.630062833959,0.40414993851273145,11.3693495,0.60971975,135308.88,Clapping
-215.05975,73.33769,-40.00805,-22.293575,-17.640287,-0.17281906,-11.479608,-6.253619,-5.795391,0.68811387,-7.102247,3.1599956,-2.4050512,2616.922280161382,0.14371292679398148,11.04072,0.6224486,46297.516,Clapping
-188.88896,87.32149,-82.535934,31.125362,-51.531033,15.872597,-41.664627,-1.3038355,-22.133818,-6.7356343,-7.194599,-13.18792,2.6045713,2598.3966892348685,0.1393749095775463,10.945031,0.73649997,113357.94,Clapping
-644.3052,17.049965,-23.396639,-12.5324955,-1.8389765,4.0158234,1.6338555,0.6895808,-0.7783812,1.1533766,-0.9172917,-0.5685641,1.587018,3124.904018037198,0.17362693504050927,10.856265,0.81809294,12781.142,Clapping
-178.19699,16.104078,-67.31524,-22.591747,-15.331102,-14.879589,-23.531775,-4.0591135,-10.404938,-9.217619,-14.486293,-2.6080701,-8.763057,3590.9801618472256,0.25600631148726855,11.101423,0.6363512,123763.0,Clapping
-618.81146,32.449535,-7.251111,-2.6544545,-5.194567,-8.904792,-1.9540145,5.428774,-10.136374,-0.9307885,-5.774316,-9.483681,-12.140756,4125.668843576237,0.30378327546296297,10.994361,0.8015131,3008.0703,Clapping
-194.31023,-26.636257,-28.28917,16.792719,-9.786565,17.304676,3.9896414,17.918312,1.0813237,11.44054,-0.105609044,14.926195,0.46108735,4730.469373197258,0.28792769820601855,11.358492,0.7838393,306509.12,Clapping
-594.2063,36.794003,-42.710865,-30.952713,-28.993313,-23.969984,-27.158386,-17.054054,-10.026412,-7.9895673,-6.185503,2.4070005,3.6460855,2873.995613381007,0.1574367947048611,10.919934,0.7287868,13106.273,Clapping
-111.33003,44.865616,-37.96542,-7.7790766,-18.35312,-5.4763446,-4.027539,4.982391,-3.3092787,-7.3035345,-12.656643,2.9008327,-8.074908,3428.475995701435,0.22211823640046297,11.29417,0.67279965,177551.81,Clapping
-722.6403,30.567371,9.019185,13.275419,6.5771203,6.045215,2.7578068,0.55281615,-0.909602,-1.0566232,-1.9659823,-0.8147008,-1.1622185,4000.141371129031,0.27126283998842593,10.739076,0.9059127,2462.3896,Clapping
-575.3771,49.50502,-15.516419,18.532385,-2.5176194,8.679506,-3.641275,-0.5819218,8.771052,1.5081419,-3.2368672,8.094626,7.6440215,2562.8546092310185,0.12306269892939815,10.961203,0.7081108,26987.633,Clapping
-452.46036,35.948193,-14.8767,2.44193,0.79096746,8.004586,1.5299623,11.774672,2.4675508,5.7873955,3.503409,7.216361,5.1751637,3399.63053093993,0.13648591218171297,11.264607,0.64581966,53628.375,Clapping
-658.95386,91.18385,17.254625,12.829499,8.594663,9.261119,5.3456287,1.7679734,4.246644,3.6770976,2.35239,6.1576834,7.8920927,1847.144975532824,0.04248046875,11.257197,0.7202408,2733.8318,Clapping
-563.5565,17.756683,1.9955696,2.285978,3.0935988,10.849358,8.32726,8.945313,6.915328,7.056084,6.033313,6.812109,3.9751387,2449.7087080152696,0.08141637731481481,11.105535,0.79286087,30856.254,Clapping
-636.65674,23.64413,-29.34558,-14.40476,-3.8141024,7.54652,-0.51247835,-2.2595992,-0.53948736,-0.03398249,-3.6284423,-2.0165036,-1.5870633,3892.822032281019,0.3364122178819444,11.207018,0.551531,8583.068,Clapping
-157.58038,186.35619,-154.39255,32.597633,-30.11644,-16.911798,11.778939,-35.62342,18.332869,-14.659477,-11.321154,11.581457,-19.864462,1853.7515402512524,0.16164595992476852,10.352921,0.6140584,115636.016,Clapping
-458.64526,41.534695,-45.959785,70.531166,-27.77661,28.43084,-10.177273,3.5964365,-4.11088,5.6442523,-1.0539254,4.324072,3.833652,3416.9556935151136,0.29179099754050924,11.103435,0.61601675,15805.408,Clapping
-729.28955,4.778181,-3.9817367,0.57073677,0.284975,1.0727137,0.051903654,1.5479479,0.728646,1.342937,0.7512783,1.2156258,1.1864862,4462.45079655097,0.04567916304976852,11.265231,0.48136303,6462.565,Clapping
-488.13303,17.837786,-10.3975115,2.4121077,2.0532143,17.372402,6.2223296,6.6134086,6.747768,7.746348,6.5191307,5.2937646,4.3628163,2545.5233491208373,0.1067798755787037,11.172721,0.8258427,51601.15,Clapping
-474.22937,79.203415,2.9947336,19.604055,4.2139697,15.233446,7.561842,-0.40874016,3.2564929,-0.52877903,-5.30243,3.178031,-2.4439604,2739.368384744516,0.12989863642939814,10.95942,0.86069113,10970.727,Clapping
-387.43802,24.56614,-26.510866,-14.316156,-13.048204,7.921436,1.6623473,3.4947374,-2.8403375,2.5206466,3.811217,7.973885,1.1712371,3217.1934478908915,0.15404143156828703,11.081377,0.8571917,65712.61,Clapping
-665.4473,47.053703,-55.402954,-28.601969,-5.738314,-5.8423915,-6.098444,-2.7021182,-0.6618344,-3.1355855,-1.3507136,1.1053804,0.23859818,2612.0684952051965,0.18717900028935186,11.067336,0.6965821,2495.9722,Clapping
-192.89012,38.759823,-37.553894,14.562699,-16.95602,-1.592127,-4.05989,5.4965253,-3.7498488,-3.5124447,-0.92529297,1.7363939,1.9853442,3399.6908925046814,0.21134214048032407,11.1470785,0.74941844,191836.38,Clapping
-511.1825,83.020905,-3.7181146,9.501064,18.70959,10.183239,0.024815878,6.5889983,3.1297164,3.0712388,1.7677785,2.2619553,2.7590647,1900.76924528617,0.05952510127314815,11.221374,0.7742688,20959.209,Clapping
-202.63594,60.701515,-15.688103,0.620983,-21.15592,-0.73512,-8.570517,3.9627142,0.15310705,-0.6262094,-5.3755617,-1.0223331,2.8460877,3163.346470705924,0.1659274631076389,11.156225,0.722595,127332.43,Clapping
-329.4315,47.977512,-16.930134,18.657507,2.6990435,17.321213,-3.716643,8.012087,-7.3656287,-3.0345762,-4.1305294,4.793346,-3.9352717,3463.2973356685793,0.22416856553819445,10.913131,0.7590463,45942.727,Clapping
-702.5004,3.8051655,-11.573214,-4.7938056,-4.977494,-0.6662143,-1.4123405,0.5796804,-0.9288014,-0.22896086,-0.47578156,0.4377543,-0.4359074,6769.964999011397,0.6659749348958334,11.034837,0.676315,10131.283,Clapping
-382.7589,16.41432,-40.018112,-11.994391,-10.445233,-9.991279,-5.6611032,-3.5178137,-11.17505,-9.658795,-7.990473,-9.192877,-7.2455835,4240.062648640487,0.3205521195023148,10.762236,0.57941616,45554.18,Clapping
-683.87384,61.011265,-17.118406,6.502927,19.492083,15.86556,6.8494067,8.825063,9.319994,5.2429905,2.4447417,5.1141076,3.5372372,2904.6676990092305,0.1299144603587963,11.060677,0.44171154,3455.595,Clapping
-727.4489,76.47114,34.567104,20.606459,15.070256,7.479994,-1.5939064,-4.877212,-7.025667,-5.8301964,-6.11759,-5.001005,-5.4284945,2447.548152734405,0.08242232711226852,11.241081,0.8304286,1785.506,Clapping
-496.71,118.86341,9.642046,4.0398965,-1.8277206,9.323865,4.3342814,-0.7628085,-1.8984174,-11.74679,-4.066253,-7.453686,-4.1725183,1891.4595447100573,0.09259259259259259,11.324976,0.69383126,12043.725,Clapping
-485.9479,114.27382,-32.780582,7.9933558,15.295496,3.3630545,0.25011563,8.575324,2.3011496,4.8606873,-0.33628288,3.3753173,2.7087905,1647.4489733886342,0.053220395688657406,10.80815,0.7543483,9436.147,Clapping
-518.21185,132.35846,-38.14507,-2.4876857,16.37124,15.656481,0.60930943,9.935686,5.004137,2.097296,3.4199426,5.1871915,0.34097344,1541.7587376292704,0.07506646050347222,11.1147375,0.4271112,5384.942,Clapping
-482.5709,108.36281,36.7022,16.49659,12.444526,13.97429,-2.6966083,3.6843426,2.5747242,3.9072046,0.10785657,2.844769,2.6997411,1875.1475078360693,0.06270571108217593,11.315535,0.8182582,22834.66,Clapping
-149.7119,21.38655,-63.598934,-19.807505,-7.0285864,-8.469272,-14.103977,-4.9587426,-10.369655,-3.7735682,-7.47889,-0.8250714,-6.36681,4064.6785634035728,0.3240062572337963,11.024842,0.53366417,278534.5,Clapping
-418.84512,82.95636,-22.180225,-0.9675152,-8.566273,5.5993233,-4.3143992,6.753123,-2.0464795,8.656072,-1.391111,5.9926,-2.0932744,2672.4033908134434,0.10741735387731481,11.144798,0.6681798,5755.8267,Clapping
-453.0318,43.94175,-34.151676,-17.288132,-18.042812,-1.3060614,-1.5236403,8.285389,3.8707318,5.442533,-0.5357975,2.5516584,-1.3586762,2665.3662105300486,0.08225504557291667,10.890473,0.6470764,34239.062,Clapping
-78.8228,30.864542,-39.28713,-12.316315,-32.50915,-7.3387423,-15.551448,2.2598705,-0.7104375,-8.552829,-9.617671,2.1829062,-7.375583,3779.1254818900015,0.2603963216145833,11.142091,0.57250696,398233.22,Clapping
-623.55963,14.31357,-5.2056828,4.2380466,4.5510306,7.6720185,2.9845374,5.5845857,5.0799904,6.7820506,5.0908837,5.788311,3.7228427,2722.890486552417,0.09343126085069445,11.259344,0.66052914,15705.91,Clapping
-423.2348,63.3305,2.8397822,3.6440654,11.021148,20.410862,1.5496025,12.935712,8.132259,7.5870237,4.3849463,7.4917817,3.9627004,3091.2459770069163,0.1488308376736111,11.157443,0.8249734,18975.541,Clapping
-645.2953,47.512875,22.175438,21.871021,20.496212,14.539165,9.656764,8.097503,5.555435,2.0992558,0.39045835,1.3659348,-0.63661397,2229.7174585044913,0.08532262731481481,10.897119,0.8042437,7162.806,Clapping
-469.61752,-5.8667145,-21.361889,-2.1677082,-7.518515,-2.7513258,-8.788683,-8.305664,-6.321754,-3.890163,-4.9998803,-2.7536235,-6.7384825,5004.323277631509,0.4318214699074074,11.401702,0.6072248,62000.336,Clapping
-250.8281,-8.393264,-20.964022,20.411512,-4.002996,17.262442,3.7052872,17.082497,1.751306,12.085994,2.4328253,13.861853,0.45421472,4375.167545223906,0.23692265263310186,11.353484,0.7922539,215801.28,Clapping
-196.74142,62.4036,-61.359085,-35.981743,-21.288864,-1.6688193,-16.72744,-8.030995,-6.87048,-0.14970957,-9.5709915,-0.21215184,-3.5926778,2736.717759545081,0.15315303096064814,10.986255,0.6094359,43901.766,Clapping
-320.34848,86.59804,-47.212276,-14.247494,-23.492128,-6.1500373,-0.5109811,4.94859,-0.6214976,14.858891,7.85527,13.729704,9.446959,2011.0820177123246,0.1012844509548611,10.21211,0.49649224,15077.449,Clapping
-253.689,70.698715,-65.121765,-13.106036,-32.297707,-6.5959616,-4.5768747,2.37889,-6.841276,3.3293352,-6.9578676,2.0872085,0.9946107,2341.709182492649,0.12757703993055555,10.561021,0.5595001,25202.016,Clapping
-720.06586,19.926659,-54.94441,-32.068607,-22.193192,-15.08254,-24.722412,-8.035722,-8.468705,-2.518318,-4.6425786,2.9559648,3.9015136,3942.2304274506578,0.5014241536458334,10.592071,0.8297094,2412.7642,Clapping
-338.09628,77.12842,-36.347218,2.7535138,-0.11829955,7.2532086,-11.664589,5.2320013,0.6754906,3.4706957,-0.14946969,13.058473,-2.777339,2702.0763030829225,0.15210413049768517,10.850723,0.748764,26852.904,Clapping
-236.86942,13.655999,-56.55142,-17.508327,-13.72887,-13.153957,-20.186808,-4.053389,-9.074158,-7.4835653,-13.428048,-3.237478,-7.054098,3747.000130699584,0.2710367838541667,11.082719,0.636256,92241.234,Clapping
-270.87253,69.9417,-56.637775,-31.751894,-18.170301,-0.20247735,-13.020869,-7.733011,-6.8758554,2.5491023,-10.603282,-0.38633442,-2.5560195,2675.459756026786,0.15584083839699073,10.952652,0.61976224,29213.953,Clapping
-519.3406,82.522064,-6.7532,9.25038,20.460964,7.737688,0.507427,6.503116,1.422428,1.785183,-0.33108315,1.2053431,2.3456054,1990.390714445607,0.08699544270833333,11.188506,0.72955996,16389.031,Clapping
-678.149,78.731674,29.724672,19.896633,9.950694,2.816853,-8.7631645,-6.4760733,-10.919949,-5.6243377,-5.620054,-3.0170496,-7.056193,2681.048130565772,0.10902235243055555,11.256353,0.81731874,2091.0317,Clapping
-753.34344,86.16044,35.996075,22.937208,16.591627,6.4721956,-2.3344784,-3.3996449,-5.4778023,-3.449116,-6.237168,-4.4595037,-6.496673,2319.1243043712384,0.08043529369212964,11.18441,0.78266597,1179.3094,Clapping
-502.33652,61.898464,-2.7886338,16.071793,20.751936,12.859321,-1.6858292,8.838332,2.7090406,0.9719333,0.84581107,3.5143392,2.508886,2405.125350622084,0.11424877025462964,11.299095,0.76927793,23208.857,Clapping
-564.4965,60.486557,-1.9203893,10.604838,14.484416,12.904751,6.6027627,4.062813,8.573897,4.3087425,-2.771646,0.5329501,1.7723078,2245.7922871746887,0.09897867838541667,10.950489,0.8203842,11800.504,Clapping
-295.34772,89.050095,-20.549252,22.194508,-12.291246,18.169691,10.774156,-13.079737,-6.6833625,-3.5738099,-8.173605,2.0643365,-6.371164,2514.3985286828647,0.13231291594328703,10.99842,0.85472953,32056.36,Clapping
-120.65518,42.37732,-40.373226,-9.133268,-17.170174,-6.5020103,-2.446185,7.393192,-3.2011166,-7.2499537,-12.511866,1.9525269,-10.089012,3450.1105284940954,0.22007694950810186,11.2814865,0.65074867,156340.3,Clapping
-185.82086,49.903202,30.14493,35.140316,22.508621,27.774609,16.662931,17.506758,7.1122923,12.440776,5.4446383,9.012033,4.1848545,2824.0030585186255,0.059694643373842594,10.461781,0.4735153,49263.72,Fire
-129.42334,56.57707,32.04263,37.60683,23.733381,25.672987,13.836505,17.332687,6.8931317,11.971422,4.393627,7.772181,3.8796217,2588.8779769354355,0.04903383608217592,10.373032,0.47116563,71434.46,Fire
-124.43828,56.43536,30.383898,35.81075,23.952137,28.410921,13.061098,16.581047,5.686908,11.95452,5.3851414,8.60332,3.3702834,2644.378777783916,0.05188440393518518,10.443771,0.47220492,75399.91,Fire
-106.07724,44.39423,27.53281,34.819237,21.066545,28.822033,14.036447,20.040432,6.350284,11.563897,4.801945,8.56034,4.034426,3072.957021991079,0.07746265552662036,10.709069,0.48032138,104920.76,Fire
-109.283806,51.00281,30.167324,35.780315,22.194761,27.173683,13.767799,17.696814,6.2330985,12.402613,3.5635865,8.307781,3.8651593,2893.683466918401,0.06547715928819445,10.595903,0.47062626,93777.88,Fire
-121.4835,55.636124,35.756256,35.479767,19.013464,24.973045,11.74554,15.99601,5.0998344,12.423008,2.9554923,7.3261414,3.4372253,2885.181427220511,0.06792760778356481,10.594512,0.47748238,80263.78,Fire
-131.09213,42.63198,32.67465,36.923233,21.12368,28.205395,14.439464,18.398556,5.6874247,12.7886305,2.7021406,6.5971837,3.3909872,3219.7205009524077,0.07964409722222222,10.738953,0.48756242,84036.836,Fire
-142.561,35.361702,29.04972,31.208506,16.631857,27.262245,15.284618,18.280197,6.6091366,14.832776,5.4864206,7.310314,3.3855104,3551.239984839909,0.09803602430555555,10.877381,0.49785107,80577.84,Fire
-187.3651,24.567202,-2.9532056,21.731922,3.9763522,-9.412002,-1.7382054,2.8864498,-12.272321,-0.93839127,-5.4292645,-10.46787,1.9857447,4385.382567672694,0.2542069046585648,11.344931,0.58510566,80443.41,Fire
-147.36697,7.8346014,-8.542773,21.112797,2.4985096,-8.344138,-2.6633315,1.8942811,-10.364337,-0.5047711,-5.0499673,-7.8494906,1.3412741,4694.7463923745345,0.29788773148148145,11.370293,0.55228424,121963.875,Fire
-171.8026,14.625909,-5.7171993,21.621433,3.6533055,-7.675269,-1.7003318,-0.6539492,-8.156444,-1.0066446,-6.216833,-5.6206236,-0.19482118,4587.89739131186,0.2950642903645833,11.370632,0.5346123,84446.766,Fire
-262.20932,41.880272,9.688233,19.531605,8.388745,-9.462609,0.15333264,6.4137053,-14.574266,-3.1152973,-1.5691262,-13.062645,5.1166415,4205.1605321368415,0.1830986870659722,11.357431,0.55035585,27239.95,Fire
-388.3672,122.77302,20.47904,40.792793,8.999245,8.21531,9.182774,11.227607,3.858381,12.962178,5.3995247,4.0900736,-4.7154903,1543.1067995701994,0.038384331597222224,11.061756,0.546086,8424.976,Fire
-327.97922,110.23924,11.443874,43.642124,9.48931,8.221589,9.723491,12.03535,5.9633765,10.182328,6.233908,3.588765,-1.7475973,1780.709147379798,0.0633861400462963,11.179098,0.5720785,31951.336,Fire
-352.9277,106.01488,17.644999,45.26365,12.625475,11.5063925,13.791674,14.099187,5.4667835,9.703174,4.605526,3.3985014,-2.3986492,1773.0615286546558,0.058225278501157406,11.161435,0.59212846,25453.863,Fire
-310.90952,95.90085,20.818544,42.56496,13.993834,11.952532,13.956293,12.650117,6.310307,8.181303,2.3438904,3.2290044,0.2443676,2022.9534836043213,0.058478461371527776,11.121991,0.5786044,29381.889,Fire
-339.63724,103.422554,19.129993,44.46269,9.780099,15.231332,12.265082,15.420763,5.3883905,10.490188,0.2396577,5.5297503,-0.77350986,1849.9207043240667,0.05430546513310185,11.14551,0.5576428,20536.47,Fire
-284.96237,83.70778,12.836299,41.792576,8.021893,14.349571,12.657383,15.599335,6.851785,7.0661297,4.8850856,4.4368286,0.8100083,2282.2308102532866,0.0682712131076389,11.149366,0.5790889,35964.62,Fire
-326.79535,88.42182,22.376966,37.76044,15.165897,14.684975,15.519199,17.7334,8.716413,8.899712,4.1688104,4.2079363,1.2562871,1928.6348192786343,0.04958541304976852,11.049278,0.5667454,26870.658,Fire
-352.54028,120.54371,21.23906,35.558712,16.814053,16.321108,17.022587,19.134779,8.0214,9.94621,6.5410213,3.7019,0.92373586,1278.8302664143228,0.028132685908564815,10.901197,0.5122651,18596.445,Fire
-298.54532,90.433556,11.008122,41.56138,8.474711,20.1379,14.710198,20.845955,8.910397,8.889564,5.063991,4.3788857,2.0823965,1868.4363953885154,0.04650426793981482,11.083313,0.56095177,36715.3,Fire
-174.65785,-14.1243105,-6.146008,47.008797,25.32059,29.920881,11.578802,7.841318,3.5944264,10.598804,-0.7427422,13.027016,6.20698,4513.020402414596,0.18220124421296297,11.25031,0.5424376,108058.99,Fire
-204.5851,-19.546518,-3.5625575,47.80511,23.892338,29.858036,10.018254,8.114772,4.309455,9.892723,-1.2456349,13.831738,5.8823175,4672.796055462091,0.19645634403935186,11.258644,0.54606193,82135.875,Fire
-204.69057,-20.945717,-1.7800668,46.668697,25.629236,29.553589,9.820907,9.442502,5.178778,9.470815,-1.3060875,13.939501,4.650174,4759.887896540095,0.20210096571180555,11.2612,0.5203544,79148.78,Fire
-195.11761,-20.98762,-3.1696167,44.583817,29.04448,29.360668,11.04817,9.902683,6.177805,9.578399,-1.8149592,13.821822,4.479749,4775.31824603031,0.19819245515046297,11.289613,0.5265258,85326.45,Fire
-193.02148,-21.405745,-6.2240505,43.013573,27.686415,31.152895,11.288177,10.415639,3.8395686,9.134724,-1.0773443,13.115218,6.495104,4751.901210399841,0.19736508969907407,11.281856,0.5293968,87163.91,Fire
-196.50243,-21.673185,-3.668439,43.240135,26.159904,31.242382,11.360365,10.141442,4.650701,10.6425085,-0.22980873,13.633624,6.561527,4789.148540398897,0.1990062572337963,11.300079,0.5398583,85704.42,Fire
-195.08586,-20.561613,-4.790914,42.560726,26.479895,29.943027,10.199945,9.602352,4.598353,11.947608,-0.254181,13.06165,5.733008,4757.242113047936,0.19821958188657407,11.284759,0.5379088,86181.23,Fire
-208.94476,-16.590288,-2.863946,43.12273,30.244064,30.342773,9.36065,10.479918,6.310571,11.819935,-0.4859547,13.415877,5.9408727,4647.267909634574,0.1673606589988426,11.281641,0.52866983,70551.72,Fire
-219.35039,-15.5254755,-2.5298278,44.755844,27.351793,30.901968,10.656411,9.08493,4.695088,11.447637,0.75585216,13.927916,7.16255,4586.317952114337,0.16507523148148148,11.256826,0.55189097,66365.945,Fire
-450.4482,56.993393,23.201353,19.76024,12.283413,16.837952,-10.597535,6.4592633,2.4472644,10.8240795,-3.5316508,1.2301857,-2.7710226,3390.240119979745,0.17020670572916666,11.374349,0.6934056,7601.3926,Fire
-432.84012,63.709473,37.202938,20.809778,13.082777,19.07223,-7.6451635,7.626691,2.9154184,8.6623955,-2.6424072,1.1159211,-4.2018394,3283.7263500675035,0.12322545934606481,11.343665,0.6819445,7349.757,Fire
-410.37265,66.45418,38.14118,22.423435,12.570129,15.851024,-7.2984643,7.269233,2.3342712,7.818272,-3.4438486,1.9232992,-4.527602,3173.7302380452143,0.11693431712962964,11.356664,0.7083112,9743.288,Fire
-448.59183,61.518333,43.876987,20.738842,10.298462,15.354928,-6.984087,5.77947,1.451752,10.174151,0.16572133,4.8079133,-3.5396729,3459.295987187826,0.1365672923900463,11.331288,0.6472627,5645.88,Fire
-457.05875,61.285084,46.2564,22.003588,10.050828,14.439489,-7.2258463,6.8158965,0.22118646,6.2499347,-2.2714796,4.136878,-1.7006242,3490.8540526337215,0.12255407262731481,11.343527,0.66324157,5678.896,Fire
-412.25043,91.31102,10.872573,41.238827,12.469364,28.607857,14.04431,20.510227,9.736419,14.5479355,7.180396,13.968506,4.3917484,1459.9685310153554,0.022989908854166668,9.713493,0.4516053,3313.497,Fire
-394.76135,90.35119,10.882499,41.155193,12.593183,29.570467,13.413472,19.298119,9.978418,14.723931,7.0663867,13.785949,4.0200343,1523.3357480981172,0.026177300347222224,9.8168745,0.46532378,4020.6462,Fire
-391.50436,89.84898,9.890307,41.987972,12.348972,29.524424,13.37156,18.89922,10.027776,15.0636425,5.5703635,13.997356,4.923517,1526.2374346317467,0.02617277922453704,9.825488,0.46844572,4204.4434,Fire
-397.87277,85.00143,13.591831,40.717155,10.718837,29.245588,14.189184,20.269491,10.034462,14.853455,5.8871174,13.502998,4.8562894,1618.3472647283177,0.021821198640046297,9.88522,0.4772465,4187.7725,Fire
-399.32394,90.47767,7.566113,43.074898,12.950389,30.217262,14.347331,19.848646,11.004204,15.2364025,6.326278,13.19621,4.8241696,1446.496999360678,0.02105938946759259,9.712376,0.46391055,3858.0554,Fire
-395.7632,92.083786,9.553585,39.12112,11.98219,29.069523,13.728912,19.902855,10.54473,15.308312,5.5363107,13.743496,3.768043,1506.6769340146845,0.022544578269675927,9.777412,0.47143888,3821.9531,Fire
-398.9373,91.77481,9.359651,39.24085,11.876965,30.02199,13.614391,19.961597,10.857827,15.725826,6.3111506,13.581029,4.4093385,1457.7607615043405,0.023371943721064815,9.677211,0.462868,3654.168,Fire
-401.09573,85.775696,11.517378,39.592537,12.66418,31.103683,15.87473,21.396688,11.440106,15.16061,6.834845,13.181615,4.1325755,1545.4402846759954,0.023075810185185185,9.727821,0.4600349,3773.0242,Fire
-441.69165,119.07658,45.002495,32.177143,26.160662,24.439613,12.183598,7.8902793,10.936609,6.529999,5.967562,8.665687,2.790789,1081.1518816010387,0.017374674479166668,9.518896,0.4759742,1754.7585,Fire
-416.34634,111.83744,47.949062,31.43152,26.985622,23.11628,11.498541,8.743371,11.185861,7.8938947,5.358,8.659632,3.5359194,1200.62065701044,0.01732268156828704,9.480646,0.47913256,2290.47,Fire
-419.78967,116.132126,50.354816,31.169035,28.100569,23.52072,10.495251,8.753041,10.216175,7.563551,6.038372,8.139122,3.7158048,1064.3169776390073,0.014607747395833334,9.328203,0.47985962,2097.8813,Fire
-416.4062,118.54668,50.33145,32.436863,26.903934,24.334604,10.676186,7.623291,9.514399,6.9157357,5.1947675,8.272008,3.502633,1049.1055010195505,0.01463939525462963,9.387822,0.47808063,2203.9001,Fire
-416.11517,123.39806,48.811832,31.686852,26.793509,23.458061,10.854411,7.2344394,9.456518,6.801249,4.4221063,8.257196,2.781921,982.4649735339616,0.014842845775462963,9.318932,0.48053217,2022.5374,Fire
-407.03827,124.96915,47.857594,30.351309,27.916264,22.327211,11.618123,7.639584,9.854296,5.985848,4.4822903,7.6859994,2.8785298,974.1894322757512,0.014664261429398149,9.512043,0.48442402,2373.3257,Fire
-370.31992,-6.9873543,1.4795079,18.968157,9.029952,20.994669,-5.9542065,22.647074,-2.6203694,11.5679455,4.427008,3.5098739,4.95956,4874.000975607564,0.25431767216435186,11.328881,0.55496234,14523.561,Fire
-368.5548,-9.0653515,3.8598602,17.582918,8.69289,21.376383,-7.46202,21.834377,-3.1766093,11.257312,4.0092916,3.566106,3.5812244,5004.20244383967,0.28174732349537035,11.330637,0.54571915,14954.789,Fire
-366.16135,-15.122578,3.6735759,16.303614,8.377573,20.005688,-6.578572,21.61028,-3.9441833,11.542682,3.0002997,3.7794082,1.9987851,5168.311170332535,0.31587953920717593,11.341275,0.5427015,16251.767,Fire
-369.95157,-17.521059,0.62729675,16.925352,8.929875,20.830881,-5.246391,21.778234,-4.065077,12.175338,3.4631941,4.1370425,2.7445962,5140.938476225554,0.3087632921006944,11.335142,0.5301055,15524.955,Fire
-373.51468,-19.802242,0.1309625,17.027239,9.262568,21.748512,-4.1311493,20.954903,-3.1854734,13.0822315,3.2882466,4.7301564,3.5311127,5158.963120441187,0.29990415219907407,11.318026,0.5142368,14803.23,Fire
-334.58157,58.02276,47.214165,32.28093,10.889061,6.5924377,-0.18339013,0.9231423,-4.737393,-1.9138765,-5.449122,-1.0889438,-3.8794177,3474.3990027312625,0.13648591218171297,11.307314,0.5707842,12002.0,Fire
-303.63217,33.53078,26.333012,26.613869,5.989053,6.933153,-1.5611624,-0.52621657,-4.8344965,0.8469403,-2.6008854,-0.1397926,-3.8952556,4269.488435389056,0.23606363932291666,11.399506,0.66930366,30186.09,Fire
-336.92557,45.229004,36.927044,30.325882,12.087925,9.007938,-0.6322067,-0.15013653,-4.700607,-1.1258596,-4.544387,0.2510933,-4.8986363,3926.3437651256268,0.2071827076099537,11.196877,0.51091,10133.346,Fire
-341.36517,38.424435,45.124077,32.600163,11.003716,4.682267,0.3139406,2.0038302,-4.934239,-0.81768715,-3.5248673,0.09150468,-5.793277,4217.820286700497,0.2177056206597222,11.335191,0.563566,12062.543,Fire
-322.6981,41.584206,41.640945,33.033432,11.319961,6.7494226,-1.8805095,-0.8252566,-6.5319147,-1.4705775,-4.146324,-0.03970119,-5.6721416,4045.388330839804,0.20238127531828703,11.356411,0.5916574,16216.664,Fire
-348.09634,40.741863,54.06802,35.34267,10.775184,6.1244016,-2.1365116,1.0721847,-5.495392,-1.5136878,-6.13065,-1.0504019,-4.332104,4122.080097352812,0.1952492042824074,11.230369,0.5535814,11137.483,Fire
-322.62585,41.017754,42.53268,36.59671,10.462289,5.7537546,-1.6660614,1.1241169,-5.909617,-1.2702276,-4.8397117,-1.1544199,-5.0824122,4003.0635317790493,0.18527786820023148,11.310728,0.59492385,17316.043,Fire
-324.4855,29.662016,38.8302,33.877514,8.118009,6.6564035,-0.37742445,1.5861262,-5.845069,0.78546625,-5.4428983,-1.9317423,-4.5233226,4333.785527435156,0.2204522026909722,11.396267,0.6313791,20721.025,Fire
-331.64917,11.970302,23.325644,11.1023855,10.336131,-6.2884884,-3.120047,-3.2712088,-5.21123,-2.3644583,-5.6589136,-4.327207,-7.198801,5263.642414681995,0.38836669921875,11.381073,0.6133047,20602.252,Fire
-302.2979,3.0940173,13.910253,9.989124,10.830059,-8.920325,-2.222883,-1.3317354,-8.001691,-2.8135202,-6.8605742,-6.353891,-7.7905173,5382.317679047554,0.40883156105324076,11.382852,0.6015265,30988.33,Fire
-311.5714,12.738301,16.502754,6.0376453,10.855844,-6.956821,-4.064565,-3.6540995,-6.234279,-3.3930433,-5.2911468,-5.8346963,-8.695725,5217.485839448269,0.37479202835648145,11.368162,0.60857344,24033.002,Fire
-448.586,54.262936,30.529984,26.743608,20.762636,24.522966,17.494375,16.20763,8.647649,16.650282,5.530276,11.806872,4.8511157,2589.2457716751346,0.04827428747106482,11.345977,0.74308366,11392.967,Fire
-192.77196,113.86744,-73.12697,70.39257,-15.52359,15.027269,-6.0798297,2.4216745,-5.674853,-5.5562506,-4.587385,-8.241334,-8.367839,2154.5297009956535,0.09337474681712964,10.703667,0.50883275,60772.844,Fire
-191.57628,114.86872,-73.246475,68.81029,-15.740409,15.222614,-6.367407,3.8480165,-5.0112143,-6.428711,-6.8849726,-9.981122,-9.846546,2147.809260861518,0.09004041883680555,10.702129,0.5271314,59964.945,Fire
-190.85164,117.9671,-71.40073,67.67264,-13.9987135,15.013243,-6.5639286,1.7552141,-5.738001,-7.0874553,-5.976081,-10.093377,-9.455622,2073.5650329130117,0.08487955729166667,10.659382,0.503235,57834.57,Fire
-430.93793,55.827957,38.713226,15.283899,10.072732,12.628398,5.5537257,10.724806,-0.2056836,4.7543874,-2.649527,-0.114745915,-1.4885573,3758.3778314147903,0.1501758716724537,11.392104,0.64758337,6223.8086,Fire
-460.881,34.71691,51.32928,14.544703,8.211513,10.373797,4.1382303,11.159978,-1.683943,8.769514,0.14725581,4.0417056,1.0304548,4746.288039368419,0.29060420283564814,11.406813,0.6168416,4580.823,Fire
-336.4679,62.58511,16.17305,4.6899896,4.1602664,8.093587,6.1445994,6.316856,12.761647,-0.712067,1.1348038,8.360484,-4.040098,3315.499136242011,0.05351426866319445,11.234694,0.65467054,12713.937,Fire
-314.04163,46.556404,28.17225,3.1491263,7.002984,0.10821424,15.259796,3.649396,8.324358,5.772391,-1.2490273,6.926319,-1.4734474,4294.365638170005,0.16112829137731483,11.176701,0.6178763,14500.01,Fire
-328.48044,33.856136,33.063404,15.105774,11.499914,3.0373929,13.103151,6.2539864,8.33585,6.222253,-0.48246694,11.465068,-2.8506238,4312.412556056893,0.11510100188078703,11.293983,0.6535556,18551.549,Fire
-433.47253,51.29937,45.677814,16.485243,20.611906,9.140367,20.228079,10.315917,12.695997,9.274932,4.293292,10.712417,2.7791452,2928.209305248913,0.04203513816550926,11.290228,0.73524207,8668.771,Fire
-90.848946,53.728703,4.0507717,8.062288,7.8238025,21.50652,3.5374775,22.541006,3.4565375,14.074842,4.338043,8.319978,-1.3793324,3551.1481274157404,0.20501256872106483,11.224334,0.5200115,193456.89,Firework
-520.65515,143.40977,20.315237,26.407082,27.390238,9.742024,8.434045,6.649078,4.1391354,7.8532095,6.0855684,2.2935548,3.7826877,683.5831698388836,0.017917209201388888,9.424729,0.5708492,816.5984,Firework
-451.34842,112.18949,42.958134,16.905172,16.08867,14.514807,13.020275,14.419921,11.975612,5.2595587,1.8453578,2.4960508,3.2287445,513.0989793741414,0.01770245587384259,8.923206,0.45626628,712.8747,Firework
-413.07486,168.10309,15.007527,-7.4462733,4.1973987,5.5630097,5.1231866,-5.6626287,-10.640889,1.7252465,-0.09120026,-1.6118348,-9.300065,1238.3958991538127,0.050164116753472224,9.686177,0.48517454,1748.9108,Firework
-451.25482,132.60808,25.008646,12.444305,9.424214,7.0704384,2.074323,2.6033373,3.440269,3.335227,1.0402124,-0.39668718,-2.028332,842.5506200102544,0.02875886140046296,9.54452,0.5017025,1790.3832,Firework
-486.23074,203.98346,-6.809552,7.0444527,15.498714,-1.7843391,0.5406629,-4.0824003,-2.8869555,-1.252804,-1.0798753,2.0491855,4.7563252,790.8570486217536,0.03855839482060185,9.680029,0.64369285,1156.0453,Firework
-273.17892,180.78195,-12.561092,22.226599,19.79296,0.33418655,6.857289,4.224803,-7.8319583,0.591098,-0.9416411,-4.1928954,2.256562,877.0419943803653,0.04063585069444445,9.979589,0.53964555,10891.373,Firework
-298.6817,159.43399,-8.343629,23.136059,19.797506,10.451337,6.3297276,5.6594586,-6.9270263,7.345838,2.694449,-3.1710165,4.637253,1106.638611373375,0.04548023365162037,10.552708,0.53523797,18726.016,Firework
-262.35233,126.00899,-6.435541,24.44242,11.564862,13.991444,5.3936257,13.209441,-7.025185,6.7257605,2.3129303,-0.8025353,-0.43413502,1677.8878682572706,0.06409821686921297,10.287327,0.54339635,17092.52,Firework
-264.46066,142.34998,-0.44159245,8.244663,12.433915,10.528639,4.645394,19.353724,-0.3263229,9.950618,3.1333253,-2.6905675,2.2240977,1745.9306232934352,0.0847439236111111,10.756292,0.49777132,16181.929,Firework
-338.47534,162.31477,-31.814713,12.737425,-7.377849,-12.3546,-8.996788,-12.664778,-17.287819,-14.241742,-16.08458,-12.825203,-12.532634,1173.1827826745948,0.057149251302083336,10.014212,0.56410664,5408.8896,Firework
-373.98422,140.50372,21.418615,24.35056,3.5110254,17.535282,10.05761,6.015277,4.094067,-0.5751009,-0.80592793,1.9738404,-1.0391253,1019.9662029610616,0.02790436921296296,10.289372,0.6620619,8632.152,Firework
-369.19632,201.26826,4.745007,11.580418,27.472437,6.34945,1.3168355,0.8521272,-0.82788265,-6.9956226,-12.284437,-10.643828,-7.03356,580.626809796109,0.028159812644675927,9.399589,0.58084095,2749.0134,Firework
-339.37463,163.41533,7.6696024,2.7586334,8.652672,3.52559,-6.8217235,-6.652773,-4.779359,-7.2445917,-10.057517,-11.913972,-9.94553,981.2738329105343,0.04850034360532408,10.187796,0.6126951,8694.712,Firework
-131.4215,131.17857,-12.610787,22.204983,-9.849128,6.0025444,-14.269863,4.647036,-10.353014,-5.02489,-6.6298285,-0.6048074,-7.7962923,1748.0425137301656,0.09383138020833333,10.659238,0.48734683,98024.47,Firework
-142.47122,179.98674,-51.856087,19.684366,-17.366154,-8.591034,-16.102943,-14.316769,-16.509733,-8.464577,-10.3668375,-6.978786,-11.923887,1213.1105598198671,0.06613950376157407,10.331161,0.49915147,46540.504,Firework
-443.10995,176.9724,-65.3375,23.721012,-18.251272,-7.9197874,-4.7245836,-3.5072727,0.6532953,-5.133493,-4.2753367,-4.548472,-1.5583105,1378.325607336898,0.08420364945023148,10.299585,0.64629245,4141.198,Firework
-322.23856,227.44814,-46.40153,10.127871,-7.360123,-8.710705,-4.1124215,-13.996569,-12.322546,-12.607801,-11.340904,-12.242635,-11.467172,842.8999607908976,0.04765037254050926,9.856657,0.49368167,4875.428,Firework
-454.61713,103.15221,-5.433545,18.922096,3.900581,8.301245,2.1903598,3.874619,-2.114584,-1.7142316,-5.053613,-2.6346557,-6.886797,2330.3510474327563,0.16136112919560186,10.170871,0.69579685,4509.7886,Firework
-364.02557,145.67087,-7.4564342,24.912216,5.4383473,1.1340169,-1.5582875,2.0544553,1.2434852,-3.2260165,-4.382802,1.99814,5.068382,1178.6213055189203,0.03669795283564815,10.483674,0.5863767,10616.711,Firework
-367.8678,195.85657,-55.427116,7.6364374,-8.310218,-18.424917,-11.797984,-17.93245,-14.650764,-4.416764,-1.4009806,-0.8293761,-5.573947,1104.5346400970952,0.06661196108217593,10.109236,0.54587096,4798.7554,Firework
-284.66666,112.35163,-6.451117,-2.3219945,-5.6454287,1.1449744,-1.6474733,3.151169,-1.4038682,-0.05976186,-8.123934,-3.7018478,-3.8245893,2271.8713162209056,0.1108737521701389,10.596113,0.54121196,17272.738,Firework
-209.591,103.09553,-42.52919,11.103981,-22.415674,3.076741,-12.949197,0.84285396,-4.56429,0.47412464,-4.8855443,-4.211872,1.4578323,2361.060005101752,0.15214482060185186,10.87183,0.47479331,59356.05,Firework
-205.1757,98.387344,-39.626312,21.446518,-20.432192,3.0510213,-11.962706,-1.2714788,-7.9516263,-2.192946,-7.070361,-5.4949746,0.28484508,2456.901523062023,0.1574729636863426,10.746459,0.4840846,72879.27,Firework
-242.3294,139.89494,-18.186087,-0.800523,-7.79743,-5.75148,-2.498697,1.7292256,0.43213508,4.145258,-3.8109567,0.14207342,-0.16221505,1579.4929486528006,0.07539876302083333,10.249007,0.5138767,14278.616,Firework
-174.72614,163.31218,-27.440807,36.18861,-3.3394308,7.9797115,-0.72245944,-0.817379,-1.597288,-10.240724,-13.122143,-8.461512,-8.959514,1226.0702155858498,0.05327012803819445,10.217535,0.5733591,38618.46,Firework
22.33442,42.49593,-7.946241,15.759599,-12.213202,9.425359,-7.6554203,-0.792522,-8.398338,-2.618286,-4.5061517,0.45869657,-5.5282984,3752.639555033034,0.29384584780092593,11.2353115,0.50090957,465778.12,Firework
-389.80252,121.7062,-21.047607,15.920503,-13.787482,-6.390716,-12.660219,-5.6752343,-11.922686,-5.958789,-8.780604,0.36889303,-8.605969,1897.0599349642607,0.08746790002893519,10.848474,0.61554945,7357.07,Firework
-232.64612,133.08476,-0.8704377,6.2383018,4.83176,13.026843,3.947624,8.196618,2.4895656,5.053484,0.25625062,-2.4026048,-4.892941,1363.5751221624876,0.05039243344907408,10.481908,0.5459059,30432.686,Firework
-217.7699,121.143,-2.1321347,23.572779,-0.26689935,14.699547,4.22354,8.456063,6.1760798,5.083295,-1.7386435,-2.5751507,-6.006759,1806.6947379066112,0.07965313946759259,10.200836,0.50748074,28937.143,Firework
-277.4319,213.60793,-19.386791,3.6047993,-14.499573,-3.024803,-3.6210842,-0.100781634,4.6151752,-5.427807,-5.174506,-1.649035,-1.8815633,836.2135645793888,0.053417064525462965,9.833487,0.5081309,7583.918,Firework
-95.90254,79.80997,-10.880005,22.658186,-13.859204,8.44041,-8.061969,4.896995,-0.7523132,-0.8233804,-6.7044363,0.8398155,-2.031923,2777.011758178946,0.17188404224537038,11.116995,0.5045154,245475.86,Firework
-396.45297,127.66097,32.44035,15.856886,18.109694,15.557082,12.650582,10.378337,5.7757726,3.676191,3.5249476,3.556363,2.1992712,495.47496853006567,0.010805483217592593,9.51691,0.53913623,2721.3972,Firework
-296.87344,143.08272,-11.516705,24.828384,-0.35762823,16.562271,1.668511,1.8186727,1.6882316,2.229388,-1.5105438,1.2315156,-2.255669,1404.8869412845993,0.06152795862268518,10.087152,0.56438965,8930.734,Firework
-420.0412,105.66885,18.36788,10.711163,11.681334,13.704012,8.710887,5.8482842,5.992019,5.2269535,3.0193176,2.0832896,2.5273495,987.4617532970908,0.037914134837962965,10.135386,0.51088655,4774.7344,Firework
-476.60394,203.00475,-9.526544,-9.139713,10.967653,-4.0326514,-0.5573408,-10.684299,-21.137125,-12.403175,-5.4686255,-7.938801,-6.644286,813.8349947003344,0.04640932436342592,9.53764,0.60381454,797.9881,Firework
-480.40158,130.16585,-0.93440855,-6.1411233,8.644284,8.927161,1.3569647,-1.3709728,-1.9524504,-2.429967,-2.4049044,0.06525902,0.9735299,1327.7326967604051,0.05914758752893518,10.251777,0.53018,2472.8062,Firework
-187.41013,63.415257,-12.912433,12.260711,-11.476777,-0.019061124,-10.34898,-12.338769,-18.408176,-11.116121,-16.679298,-5.812745,-13.364866,3068.230643727055,0.1609813548900463,10.796789,0.5588787,40521.37,Firework
-499.76193,167.45634,-13.901418,11.586024,-0.7853938,-6.4398227,-4.6292467,-5.9716663,-8.101811,-1.6966054,-2.6893315,-3.8931246,-5.5090394,1086.2607808609023,0.052714029947916664,10.695453,0.6858433,2885.551,Firework
-550.7321,105.98525,3.7624722,15.172268,7.553602,-13.033226,-10.545691,-0.4414282,2.435191,5.7763486,9.501721,9.115239,8.719851,1586.8471789791054,0.06734212239583333,10.129388,0.688599,2154.6687,Firework
-533.5524,98.72426,-48.21723,5.5561943,-9.320766,-7.9776573,10.840233,14.677404,6.898052,2.5887501,9.949614,13.388308,11.076086,2109.1910758969093,0.12218334056712964,10.56938,0.73871344,3844.3052,Firework
-140.4505,163.95085,-26.575521,23.50387,-6.973571,4.945255,-5.7021046,1.1151488,-7.301313,1.1070485,-1.2947121,2.1049867,1.4136058,1283.1834649990965,0.06365966796875,10.29378,0.5556632,54773.773,Firework
-204.63968,170.13223,12.910351,15.144499,9.129033,8.588075,9.115894,7.466333,3.3346663,2.3134608,1.2356343,0.77898645,1.9972632,834.8303317500809,0.028901276765046297,10.04968,0.49359077,38643.934,Firework
-282.8645,94.24042,-20.09361,15.095608,-2.702796,8.2797365,-1.3593315,-1.9017526,-3.3652515,-1.3450586,-8.599169,1.342782,-3.3012798,2325.0662177656213,0.12595395688657407,10.60014,0.66205674,18244.992,Firework
-419.27264,127.083855,1.0192142,9.608912,9.740016,9.766333,6.3791313,3.6326802,3.7051973,1.638188,-1.7924161,2.2600462,1.674239,1243.4869326415687,0.05670618127893518,10.503301,0.6254288,7764.1543,Firework
-191.28761,138.57666,-56.770245,12.244912,-29.096245,-4.893433,-23.316967,-8.79871,-14.812692,-4.2750516,-10.922279,-5.000965,-11.823029,1689.2020866221578,0.09757486979166667,10.539042,0.5098098,28840.602,Firework
-163.3832,179.81659,-63.512383,16.633682,-23.710228,-12.120825,-20.8954,-14.260802,-13.733403,-5.0985694,-8.538084,-8.424189,-12.234875,1295.2691661815409,0.0744289822048611,10.342478,0.52700835,37086.15,Firework
-115.06164,154.31728,-17.483665,24.546232,-7.7995934,6.794977,-9.158228,8.593968,0.9863856,1.4970266,-2.7932174,2.9601915,-3.7112253,1443.7819143732836,0.06473343460648148,10.73473,0.47361982,147088.5,Firework
-151.26085,116.822235,-58.35916,5.8074484,-27.877262,-3.5522106,-22.392092,-7.2977643,-9.106183,1.0970706,-1.3371176,2.128594,-0.0532075,1979.5751445158294,0.1179538302951389,10.700955,0.50159633,50861.023,Firework
-161.17592,102.07061,-50.070644,12.653546,-19.542742,1.032944,-11.750404,-7.619857,-7.8467927,3.4850643,1.8644929,5.3819175,2.72055,2169.306810847309,0.12736002604166666,10.8027,0.47644296,72581.03,Firework
-281.20102,114.07579,-20.34517,17.045149,-28.526285,15.26839,-17.81658,3.5893443,-13.215843,-4.0653434,-6.9708614,-11.6016655,-2.0158193,1881.7141324617028,0.13515218098958334,10.364769,0.5072842,13802.956,Firework
-434.80432,156.18312,-8.299982,4.4257836,-2.1318116,-10.593115,-11.558342,-3.3507054,-6.0500283,-6.5682917,-3.1126997,-2.7205994,-4.0455565,1112.4070455714884,0.05717185691550926,10.427353,0.56231356,3243.4553,Firework
-251.60646,150.36339,-6.4545174,31.437605,4.3697605,6.98769,6.043853,2.0531037,-2.5840242,3.556722,-4.098067,-4.670098,-4.685309,1200.6669371437733,0.04356101707175926,10.304476,0.70083195,19708.342,Firework
-328.19376,130.50252,10.839298,7.556433,10.565708,6.447162,6.3343754,9.065708,4.0922585,6.3436146,6.821038,3.737291,2.366734,1454.1498943947652,0.10132514105902778,10.108872,0.5166059,10523.252,Firework
-351.10583,103.00185,-7.1989226,8.883689,1.8971987,0.7059886,-0.113284394,-0.11090893,-2.2443345,-0.21689235,-1.5248408,-0.8150729,-0.54935336,3062.9579873139037,0.27214445891203703,10.301501,0.5345085,24950.371,Firework
-349.22546,92.92381,-7.2729225,10.28853,7.808124,3.6478496,4.703382,6.2307324,-0.28968927,2.0564578,2.9836376,0.27626064,0.43181542,3033.97416515725,0.2677567093460648,10.031302,0.54096454,13243.558,Firework
-558.0336,19.527786,-2.7485685,3.058046,-0.6175692,1.1281224,-0.8021957,-0.034144416,-0.7447577,-0.5771447,-0.8159359,0.09152583,-0.27791733,5555.192440456379,0.5359271014178241,10.221832,0.51165587,5524.8306,Firework
-443.07147,43.043682,-3.0360668,5.9588256,2.3259883,1.9222288,1.3178176,1.1788212,0.603314,1.0622795,0.50706095,0.7469371,0.5467517,5041.075279384246,0.47781937210648145,10.0389185,0.55854046,6329.19,Firework
-230.35164,149.32773,-53.868675,48.462193,1.1167076,13.273637,5.5706935,5.5018067,3.8711162,3.1270006,5.3394775,0.8707685,3.1278422,1469.1941304354268,0.0693675853587963,10.250263,0.5282904,23243.66,Firework
-195.6642,146.79533,-31.02608,44.221165,-2.7511642,6.973377,1.0453826,4.7862377,-1.0601008,6.543755,4.2753773,4.6155095,4.4497137,1409.8582564134451,0.05015281394675926,10.39797,0.59215176,37241.79,Firework
-317.34787,152.98357,8.61372,24.69972,-0.55111796,9.093638,-5.8175807,5.5572248,-1.2988737,-1.1391807,-8.411218,-1.294641,-5.479833,1189.7422514159898,0.042905454282407406,10.078211,0.64316416,7616.743,Firework
-383.38947,154.1777,10.461701,28.990261,7.7691674,8.4831915,0.38228288,6.1004467,2.939623,2.5619502,-4.5318522,-3.442193,-7.6390595,1015.2421027354828,0.03594518590856482,9.916518,0.69806606,4418.4155,Firework
-483.6742,135.71283,3.4054866,7.1226387,5.3149757,6.7325435,0.36161634,5.5249186,1.7910566,1.1910805,-0.12786661,2.9636004,1.4172478,1078.8425477536973,0.051271791811342594,10.521538,0.5561766,3071.5615,Firework
-171.49,177.02644,-40.40297,44.272263,-13.903022,18.62602,-14.45599,-3.676997,-1.8362268,-7.7484045,-0.700394,-10.615965,-2.5841312,1215.4144631665583,0.05690963179976852,10.264915,0.4887457,36928.496,Firework
-521.0068,150.83415,-24.665844,9.289606,-5.939449,0.40785357,-3.4398036,1.734741,0.729292,2.4025633,0.73403704,1.5473977,-0.5567608,1470.5902283450791,0.07649513527199074,10.480053,0.6002389,2192.1477,Firework
-328.61426,142.37189,-34.89273,9.166757,-16.194662,-6.0248804,-13.399501,-2.9327855,-2.9592361,2.0270872,-4.295995,-4.2448707,-5.710854,1574.188548875927,0.09177879050925926,10.496963,0.6470888,14442.731,Firework
-241.48123,178.24553,-0.5145148,41.549984,20.054167,6.2412405,12.367299,6.632307,-0.46414676,6.1826344,-1.1769599,1.1621747,0.885658,669.5924658684808,0.01776349103009259,9.608981,0.51280576,19802.592,Firework
-362.79242,202.968,-56.94126,28.779066,-9.552423,1.1636813,-6.864841,-7.544142,-5.484542,-4.102603,-3.9315825,-2.2016604,-1.6319987,1093.3380739333736,0.06461362485532407,10.082301,0.47522023,3801.3464,Firework
-281.49722,126.69013,-50.28378,17.992357,-43.72611,21.69904,-26.502125,14.630703,-12.86397,1.2356515,-4.3197975,-7.671778,4.7150564,1969.1707101723541,0.13602927879050927,10.4994545,0.47689384,13381.209,Firework
-590.14844,146.00098,21.887617,21.931627,11.9901,8.686996,6.000034,-0.014668112,-2.487529,-1.5174693,-0.8260718,1.8221656,1.3109822,700.4178810097947,0.029739945023148147,9.616829,0.6220652,550.6596,Firework
-250.06487,137.15237,-28.841702,28.164124,-37.604214,14.748927,-25.555723,7.1227684,-16.312698,-2.4811687,-3.423445,-10.647225,-2.670946,1700.072457259928,0.11140498408564815,10.620079,0.4728468,24706.314,Firework
-295.42172,132.33487,-24.016096,21.887257,-25.703709,1.1943998,-22.045084,-7.924454,-10.008615,-4.2125015,-7.8665924,-1.5121471,-8.661015,1715.5128279006976,0.07666467737268519,10.674157,0.58853,16882.936,Firework
-239.96043,130.79213,-43.342606,60.91159,8.023154,-9.718825,12.630444,15.505481,-2.993153,-0.4297301,8.136634,2.952336,-1.2999177,1759.0706623122262,0.1336602105034722,10.43029,0.5312753,35441.85,Firework
-333.5976,138.2179,-6.576789,35.881565,15.987166,5.7291474,11.777859,8.664512,4.500469,10.233173,5.2910113,3.5132098,3.0476406,1101.882392249184,0.03435827184606482,10.277439,0.59906423,11294.637,Firework
-245.3542,129.30255,-31.407042,20.459263,-34.394917,12.224328,-25.357498,2.6212115,-17.86714,-6.4187756,-5.5003223,-10.369301,-2.03664,1765.2476467221811,0.11433919270833333,10.611486,0.5142674,26640.133,Firework
-540.24365,52.56316,20.222246,8.267504,-2.6413436,11.181085,3.3275547,12.8033085,3.6201086,10.816546,4.6413503,9.214124,1.7755945,3630.1066282657507,0.15706380208333334,11.292034,0.55163103,1652.7585,Footsteps
-439.83344,13.615364,-5.7928905,13.743031,3.9862018,9.281087,5.4365745,7.241471,2.8822277,2.726582,1.4177964,4.3072214,1.2956442,5665.4084587461075,0.49814407913773145,11.10928,0.529483,32227.006,Footsteps
-633.0642,-5.9355435,-9.08984,5.292511,-1.5434748,1.5752532,0.49161166,3.7610648,0.86193377,1.5184611,0.31442142,2.0548034,-0.37568668,6385.841236954934,0.5889214409722222,11.310179,0.57199043,25150.803,Footsteps
-398.376,1.3324999,16.546057,14.459979,6.236191,5.339729,8.718837,6.9211526,6.9506154,8.694944,6.2941713,8.094881,2.5134213,4961.221141417743,0.20237449363425927,11.071061,0.57055414,8702.473,Footsteps
-201.00458,-3.379304,-4.7562814,10.167334,-0.6229146,6.6697087,9.177987,7.7292714,7.260157,10.374206,6.9762225,10.817919,3.7622137,4603.606872180568,0.22746672453703703,11.301932,0.5362272,73047.79,Footsteps
-334.20093,71.29311,12.037892,19.721647,13.786275,22.189205,13.75826,13.016096,14.445418,14.962592,9.508052,14.262165,7.754374,1898.6263597695681,0.019917805989583332,10.27727,0.5475711,10538.688,Footsteps
-265.89188,23.028841,-9.9225,18.82755,5.694063,14.494649,8.869099,7.7590127,4.4051046,8.134697,5.750533,10.601841,3.8408108,3736.3813429400066,0.11333098234953703,11.148016,0.51868266,28892.066,Footsteps
-304.6017,42.507034,-13.748968,21.872807,5.491254,15.106007,6.4746885,11.335815,6.870666,9.310972,7.0009503,9.742378,3.6987555,3152.4190234049724,0.11460141782407407,11.220441,0.564666,22650.334,Footsteps
-279.71225,62.56739,-9.60633,11.382776,8.659165,16.443924,3.193193,9.009917,6.43521,10.218508,5.780432,8.696581,2.4577484,2796.310959193488,0.08208324291087964,10.946916,0.55898565,16522.818,Footsteps
-279.80737,63.68959,-28.637732,16.670134,-11.848717,-2.3542676,12.959728,15.213737,11.057521,10.887292,3.6841142,7.826972,4.538436,2652.2556475765305,0.11869981553819445,11.16589,0.611065,44567.668,Footsteps
-366.03293,101.57382,1.6433569,24.600258,-2.2450223,24.909422,1.7901818,13.932853,4.1383634,9.489063,2.2001123,6.3980904,1.9807813,1873.1647129028452,0.05384883174189815,10.724496,0.57292867,8647.6045,Footsteps
-411.0427,104.37936,17.62876,30.687258,2.7690496,26.019535,1.610217,17.138144,5.668676,9.0860615,0.72454935,6.5936675,1.5431685,1577.4667187588163,0.036092122395833336,9.95192,0.6098676,4216.2334,Footsteps
-480.73248,106.24707,7.545757,20.206455,5.1306214,19.3734,2.3230736,7.7285604,1.9192991,5.875256,-3.5850239,2.8327906,-1.2068146,2055.254113495022,0.07161006221064815,10.828478,0.7141675,4849.9165,Footsteps
-440.12543,77.69329,2.4516544,17.77384,8.712694,15.821845,14.148604,12.731325,11.318811,11.292281,8.062089,10.339441,7.973645,770.8072838971167,0.004245334201388889,8.286728,0.45676062,3157.05,Footsteps
-334.1082,74.72401,-29.963203,14.143611,-15.214941,9.180678,-5.153907,8.206901,-3.6815875,3.5475361,2.0007656,4.146627,3.962248,2706.805228881959,0.14953161168981483,11.065583,0.5631699,14041.926,Footsteps
-252.70418,64.242096,-19.196262,-4.399697,-14.463212,-1.0423477,-5.749835,1.1910315,-3.958135,1.3947436,-4.23866,0.0025019646,-4.956647,3226.343138621768,0.21604636863425927,11.170534,0.48440635,19001.242,Footsteps
-315.16492,59.659527,-35.03244,13.057798,-8.263124,4.3452067,-5.194976,4.36996,-2.9593058,3.585764,-1.8681016,2.8362224,-3.7756631,3068.933682053076,0.19926622178819445,11.205465,0.5478521,18768.004,Footsteps
-389.29672,19.742815,1.3504305,3.588497,1.8799685,4.1006947,-3.015121,-0.67272484,-1.5648668,-1.7554152,-4.961274,-1.7173065,-3.9530592,4647.122232464923,0.32282624421296297,11.41963,0.5354016,14863.188,Footsteps
-306.42908,-25.455471,-33.26312,-2.8768358,-22.392485,-1.3333358,-11.4917,-2.9545238,-6.8379235,0.83170784,-7.274508,-0.14221027,-4.743598,4965.757335315143,0.42148618344907407,11.392904,0.48458076,38340.734,Footsteps
-484.20776,74.59135,30.144182,17.963158,8.743087,17.52687,9.199131,19.340559,5.3887286,13.18301,7.367684,9.774633,4.5409155,2428.041113048664,0.059685601128472224,10.405727,0.47720465,1746.0438,Footsteps
-272.927,68.578064,15.702173,25.70475,13.945552,15.936824,2.045765,11.209586,5.7559214,9.009886,1.41363,5.795295,2.9993112,2641.4084822382374,0.06396484375,10.941074,0.53646713,22072.209,Footsteps
-409.07547,109.93114,3.5602717,17.499584,-0.05985133,27.219099,9.133129,23.720255,1.1202724,8.6573105,-4.7631416,7.499671,1.0747182,1616.6001063228377,0.03265832971643518,10.467647,0.63757765,4096.563,Footsteps
-302.2526,3.3929193,-12.890656,34.555763,-17.770164,17.058268,-8.268779,15.400087,-9.405825,7.3042536,-11.158357,7.138516,-5.0717096,4405.255754180157,0.3340861002604167,11.334953,0.6112579,50129.625,Footsteps
-369.95337,155.80656,-41.85773,-1.747794,-8.640878,2.3023276,-12.024958,-1.6099676,-6.813888,-1.444758,-8.413267,-1.5144876,-7.208628,1486.4988570753844,0.07957401982060185,10.4678135,0.49931583,3932.5984,Footsteps
-351.46423,128.5368,-19.220043,-4.09139,3.2789555,-3.0764508,-0.4313399,5.6295495,-4.264845,1.5907979,-6.930132,4.8558307,-5.7839684,1886.348202339862,0.09269657841435185,10.814362,0.54659206,7022.9336,Footsteps
-196.4931,36.757668,2.8436651,16.096325,0.5294068,11.366548,-1.0122718,9.411541,5.9802303,7.288687,-0.20564461,5.5296917,1.8267049,4032.7175662847467,0.27100739655671297,11.393013,0.55925137,55037.19,Footsteps
-244.36798,31.472628,-4.267773,7.6263843,-2.1165187,10.221175,-0.85721093,4.441343,0.9320665,6.227668,-0.74402624,2.378018,-0.32272136,4141.29032742253,0.2995582863136574,11.401627,0.59840995,47559.67,Footsteps
-220.16898,46.81453,-6.267468,5.076164,-3.927908,12.050603,1.3261049,8.141039,5.1251283,5.716892,-0.2571138,3.8334048,1.6728178,3732.7211657472544,0.24237060546875,11.373105,0.5852434,44592.64,Footsteps
-175.26181,28.547697,-0.97719294,-0.20314118,-9.694653,7.9730535,0.27665332,7.656015,5.5795684,5.64275,-1.0911821,3.8948298,1.0883675,4366.989083280651,0.3405693901909722,11.410207,0.5245398,68478.8,Footsteps
-185.41148,29.286873,2.2166884,5.95001,-12.31756,4.460401,-3.0096111,6.8260465,2.9527566,0.6280172,-3.4283216,7.293061,2.0315578,4282.122627157547,0.31838424117476855,11.412728,0.5434898,72779.62,Footsteps
-158.56586,21.118618,-3.2019913,4.743111,-10.209685,2.3733425,-3.775429,6.158011,3.7030747,3.101437,-3.2827542,6.6852026,2.2125874,4456.426591226493,0.34670455367476855,11.414537,0.54785645,100666.02,Footsteps
-187.30759,37.0613,2.7955418,3.7331707,-11.159865,3.1867263,-1.3152853,9.01448,5.878457,3.3401456,-1.543201,9.7995615,1.9116895,4128.956022621913,0.2989095052083333,11.409307,0.5325053,65841.32,Footsteps
-181.08261,47.730755,-4.1008077,9.0873785,-1.6295624,10.999103,0.74054134,6.080954,0.3388494,2.6509945,-1.8629524,2.9550314,-2.5212033,3708.3620639524383,0.24641701027199073,11.264704,0.5527199,54182.934,Footsteps
-167.80127,66.77298,-9.298496,6.098632,-0.78963286,11.292625,-2.703351,3.5626864,0.41478896,3.146855,-3.0414503,1.4250894,-2.0930536,3247.4415685081653,0.19549560546875,11.369425,0.55984664,62391.91,Footsteps
-226.08899,57.10819,7.6144757,12.426961,-4.3874536,11.483404,1.5916753,10.91588,4.45384,3.8375537,-0.8070332,7.5398064,2.0435007,3525.588563027488,0.20668312355324073,11.374259,0.5609902,36931.04,Footsteps
-205.32988,68.68948,2.3787692,-3.145722,-5.969827,13.239092,0.4566251,11.821481,6.7803254,4.3505287,0.72232765,6.504076,-1.0058736,3325.0979852096934,0.1871925636574074,11.369428,0.5873368,45985.945,Footsteps
-171.49968,54.55707,-9.747675,2.608581,-3.131689,12.308852,1.6470475,7.017907,1.8270544,6.6181803,-0.07754389,3.3222804,-2.1301756,3551.1311755574447,0.22524233217592593,11.374413,0.572733,69185.65,Footsteps
-389.69803,60.19615,-7.7184143,12.729501,-1.8123779,10.085293,8.421507,5.910385,12.4520035,11.253471,5.7220526,7.1624584,6.485971,2922.552092231438,0.11773907696759259,11.160204,0.60962266,8282.795,Footsteps
-269.30502,56.202164,-15.864302,-1.5165701,-1.6802579,5.3637776,8.998412,2.0852325,12.9642725,8.685874,6.2111,7.000288,5.26802,2935.4472231074706,0.08227313006365741,11.009695,0.52294636,19687.883,Footsteps
-346.55423,27.860247,-1.9185326,12.364999,2.8939962,14.245781,13.674868,9.653024,14.646004,11.8401985,8.189048,8.448363,7.053565,3072.2998330837463,0.07295057508680555,11.118172,0.55108255,15187.034,Footsteps
-438.57965,74.83631,2.8050735,12.65162,6.3902383,12.211338,1.1447911,14.372233,-1.9784341,12.313526,0.15620147,8.881339,-0.8976329,2939.217371137846,0.13585295500578703,10.677214,0.5967684,3180.9802,Footsteps
-408.66153,122.84211,-1.0414777,23.787851,2.3940065,3.923116,-6.7120056,3.3955762,-2.9228137,3.6036637,-4.5536785,1.1626573,-4.6334662,1774.2167902132514,0.0712551540798611,10.559648,0.5576931,2933.3599,Footsteps
-545.09106,41.11166,43.32573,19.925234,16.95824,31.439281,9.275651,13.467623,17.813904,8.852221,-0.7602939,11.861719,-0.7310394,3520.6884239660462,0.19217484085648148,9.457306,0.5840011,1562.6311,Footsteps
-486.39792,95.46798,-11.496533,28.735106,11.513509,19.545656,6.1499124,13.985576,5.433179,11.191504,0.7242687,5.6906567,0.4244691,2009.1675991699278,0.06792308666087964,10.775149,0.6607641,3095.525,Footsteps
-305.99075,59.313095,-11.213338,8.837921,-9.737522,14.565147,4.021059,9.263506,4.543534,5.458227,6.5158367,5.238903,5.893746,2282.9904938657105,0.03500027126736111,10.735916,0.53174883,16239.502,Footsteps
-350.01785,47.620316,7.23067,12.949412,5.538082,16.212217,17.97288,16.461311,22.694826,16.74181,14.135895,10.201233,10.940019,1911.9526222917016,0.048398618344907406,10.508489,0.5623114,19070.512,Footsteps
-291.24432,8.183149,-38.320873,-12.419877,-16.840738,-6.4611387,-8.933851,-6.020597,-3.8065417,-0.52352375,-5.9138427,-1.4432373,-4.133283,4312.259447749085,0.32268382884837965,11.350438,0.49487075,24301.707,Footsteps
-445.88092,54.607845,23.19288,19.434376,20.88771,8.309565,18.197168,12.549379,10.185431,12.311345,4.6458597,11.938429,2.3746183,2781.115630416302,0.056608977141203706,11.102829,0.5820374,4928.4307,Footsteps
-298.89908,-1.8719624,2.8266888,9.081917,6.59175,-3.69578,7.516495,3.5005386,4.460531,9.411576,1.2252638,10.228215,0.42066506,5210.705439767401,0.3814064308449074,11.41568,0.52760553,28457.055,Footsteps
-355.92242,74.425896,4.9773407,5.551267,1.4632779,1.3781266,10.735942,6.7834206,5.263454,9.82032,1.0201014,10.630269,-0.7807912,2885.7750105051305,0.09703459563078703,11.111577,0.55469316,8539.031,Footsteps
-315.85437,73.60814,0.82704896,3.1867812,6.7000446,0.70862055,9.686288,6.9405456,5.7183576,8.373433,0.22957529,11.741216,0.85277784,2817.8971514739874,0.07635724103009259,11.056147,0.56046075,12420.622,Footsteps
-490.62753,104.06012,19.878574,30.183884,19.817808,11.278411,13.806301,10.835702,9.375091,6.4771333,1.772232,7.9705744,0.69596124,1328.050173962591,0.02048972800925926,10.31425,0.6360349,3097.7742,Footsteps
-314.6324,-12.766393,20.25961,-0.12629148,7.61209,1.0199729,12.808623,9.16722,6.866723,8.695362,1.7001259,7.934336,1.8025281,5743.140107170806,0.34131989655671297,11.28976,0.48605955,23640.14,Footsteps
-338.38113,-14.355901,19.331425,2.1695218,5.230392,0.0043595545,11.510665,6.411621,8.964138,5.054073,2.8601031,4.8868837,0.7897568,5877.877741109691,0.4120799877025463,11.339648,0.5191645,18659.723,Footsteps
-415.77618,46.972637,-1.9494352,20.231113,11.98437,16.114061,14.47852,8.859493,-3.15885,11.003255,5.2039094,5.665135,6.163976,3733.666364986823,0.33574535228587965,10.535622,0.62878126,11746.827,Footsteps
-408.04904,48.654606,18.508898,30.663546,6.936142,14.527925,16.485867,14.65721,1.9991788,14.342985,6.7703867,6.202589,6.4151673,3363.4737737609207,0.2802056206597222,10.663394,0.67265785,17516.422,Footsteps
-521.6172,61.683037,13.584436,24.607822,5.20514,3.9728298,9.007907,9.028439,3.2956371,9.1720295,5.6136284,2.7631705,4.026099,3628.794414702799,0.41219301576967593,10.272633,0.7930806,4753.5195,Footsteps
-446.0416,62.563385,19.347887,23.46384,5.6943226,9.845118,12.54952,9.66935,-1.1166028,11.073445,3.4242113,0.77982724,5.579017,3187.7027905090076,0.2926590530960648,9.617395,0.6063982,3988.3271,Footsteps
-316.7789,25.851135,-31.327343,-11.81645,3.6416044,12.763097,-4.1583533,14.195361,-2.3164473,8.63865,2.321558,10.115574,0.85346055,3763.037561763779,0.16628011067708334,11.26708,0.651468,29679.752,Footsteps
-324.3847,15.479979,7.6025853,-5.7187285,5.5351357,9.406084,0.0015321749,7.0691047,6.2895455,4.9417486,4.6377835,7.170002,3.7445343,4936.944780822738,0.3242503978587963,11.405994,0.54179925,19399.395,Footsteps
-496.55652,46.160053,-2.6090713,2.5114973,-3.7029326,4.1270485,-0.07780188,1.8364497,-2.9300885,1.8063614,-0.37103173,2.858284,-1.07774,4149.353770271802,0.33014820240162035,11.114019,0.52818435,12429.8125,Footsteps
-603.5826,76.901985,16.816628,22.376326,13.61744,11.061176,6.4195766,5.1618934,4.6225505,5.4220543,1.6967069,4.824349,3.6795924,2482.5333581010646,0.1080593532986111,9.953491,0.66559124,1005.97656,Footsteps
-373.9945,134.48508,21.462545,11.840804,3.4655237,9.284118,-0.19144723,6.629116,1.9420011,6.702422,-3.3029032,-1.8202828,-4.068907,1500.0833172005869,0.043974699797453706,10.553606,0.58890474,4773.876,Footsteps
-532.50806,1.6082869,-4.850352,-5.37647,-9.133604,-5.168396,-3.0526493,-0.9470618,-2.6707273,-0.6932196,-1.6186532,-1.111902,-1.0960641,5815.720700987325,0.5387256763599537,11.398296,0.5939082,10569.708,Footsteps
-362.46967,65.7526,-32.7079,20.072926,7.940016,13.890361,3.358538,12.522192,4.855009,8.341218,3.8779886,6.2615447,0.6917496,2792.1591720616366,0.12587483723958334,11.102618,0.6337752,13226.367,Footsteps
-383.17996,50.68435,-59.449516,-10.479623,-27.492628,-5.3118215,-15.134485,-9.95039,-17.927883,-13.834508,-16.457468,-13.864266,-17.453472,2964.191279609691,0.18374068648726852,10.983904,0.5729181,9277.446,Footsteps
-342.87692,107.706436,27.0807,24.970469,9.794837,11.432484,10.626098,8.054494,2.5428364,6.190641,-2.880791,5.988314,0.61278725,1854.3206686760682,0.03709581163194445,10.571889,0.48147693,5338.0444,Footsteps
-551.0208,66.07457,-30.055004,32.509796,8.35858,11.363012,8.793395,8.974159,10.9426155,8.944362,3.539887,8.160676,5.3845825,2637.2112255539128,0.10456000434027778,10.930927,0.64530116,1921.9628,Footsteps
-402.2186,84.26372,-19.025974,12.026125,7.671341,7.663909,2.6049986,3.911708,2.5542927,6.3760953,0.9311178,6.3708587,5.4921165,2504.9773205651068,0.16448522497106483,10.279522,0.5455203,6834.5474,Footsteps
-354.62,66.3713,-7.1495576,13.068425,3.2375205,6.7541738,2.2019932,5.199941,-2.5946345,2.3983426,-2.3308928,4.416537,0.91778755,3196.2898015737555,0.19816758897569445,11.034919,0.5475194,7331.106,Footsteps
-395.9875,73.234825,-15.831286,5.10906,-12.319059,2.8875225,-11.496754,-6.0710845,-15.601868,-11.283058,-2.5304215,-9.931758,-13.755152,2855.840261785186,0.14703821252893517,10.974209,0.55589473,14066.916,Footsteps
-432.44885,41.367683,3.9161866,8.758859,6.402197,3.686714,-0.98703873,4.9198027,-0.3538961,5.8488307,-3.0506642,3.7508166,-0.6009198,4046.9714065851836,0.2612982855902778,11.362325,0.68193424,12398.216,Footsteps
-395.13202,-37.25781,36.11297,11.440959,12.582314,11.520617,16.15261,10.28733,19.439955,8.877493,16.815178,9.404484,15.251104,6427.928929304968,0.47893382884837965,11.311642,0.5724693,21464.361,Footsteps
-383.80258,21.6706,10.241166,19.45298,8.283402,18.354685,11.165077,20.306229,10.088019,17.519318,10.230206,12.238073,5.8718266,3693.5411275780007,0.12028899016203703,11.030313,0.508539,9061.072,Footsteps
-354.5709,7.448953,-8.195925,7.834966,-0.7761937,10.683269,2.5931017,6.684625,2.4185293,7.8021817,0.5201972,6.2136626,0.64980847,4736.989464058139,0.3659261067708333,11.410554,0.5087298,12280.373,Footsteps
-258.29837,135.87828,30.510027,51.784073,18.210127,30.82788,8.124604,12.790383,9.51178,12.9366455,2.2922223,5.4740243,-0.83732647,768.528932648317,0.013995135271990741,9.224375,0.27412117,10080.523,Generator
-236.40123,145.21584,-1.9882561,52.45517,21.253233,25.027742,-6.5325403,8.007407,9.465402,13.021493,4.944082,7.128481,2.4901333,940.5639442266232,0.02246997974537037,9.696774,0.3009215,14539.172,Generator
-230.07314,125.91523,2.891679,43.341606,28.408579,45.043613,12.62782,2.5191767,5.150903,23.178463,2.7530758,14.478146,-1.0886786,996.0619083789314,0.0150146484375,9.539011,0.29543152,15083.541,Generator
-318.4532,12.043444,-83.767815,49.768032,-11.802979,-2.7377856,-17.560343,0.67876625,-7.462586,2.7713223,-0.38326785,25.090628,10.999303,3176.5027830201775,0.24269160517939814,10.82799,0.5144957,31948.383,Generator
-308.36487,130.3719,-24.350416,29.156397,11.051763,-4.516961,0.8331615,8.915597,-4.78617,-2.4890103,3.4727335,9.561204,-7.5721006,1564.3252478658296,0.08899151837384259,10.299568,0.31880376,10353.542,Generator
-43.44241,99.9133,-16.873348,41.1082,19.60963,27.454073,-5.803011,8.224977,-7.6023097,0.5035573,1.5833892,-4.9482117,-3.1904955,2006.8197535664997,0.08658402054398148,10.677421,0.38918868,140643.12,Generator
-213.24477,104.54693,-15.894868,12.576356,23.763012,4.0688944,-28.295961,-8.495904,0.38991562,-4.5107913,-26.70367,-10.412507,-8.160934,1788.1684079301715,0.06615532769097222,10.132514,0.35938314,23059.805,Generator
19.770779,101.57338,-4.122304,11.94773,0.9039698,13.115386,2.855528,8.803217,-7.7835364,-2.2112792,-3.2077818,10.039329,2.9768143,2323.699413778341,0.11613181785300926,10.872228,0.36238357,208524.33,Generator
20.484156,100.30872,-2.5267446,11.306705,1.2305716,11.911074,2.3857255,8.301106,-7.3121285,-2.2113438,-3.2715244,11.15911,3.057027,2371.2072833516518,0.12021439163773148,10.900843,0.35965127,208995.25,Generator
-78.91444,79.27044,-25.298166,30.417551,-12.166498,-5.623197,5.1743765,3.851732,-8.903313,-6.5579267,2.8117259,-7.675534,-1.3665415,2712.1006924852754,0.1776439525462963,10.984304,0.4397907,118909.78,Generator
-360.80325,209.47478,-10.163967,2.1657083,5.0922046,13.938475,5.745489,4.241812,0.41043228,2.8016999,2.498462,2.5554051,1.2691071,1056.904423426231,0.05869999638310185,10.520836,0.45411074,8117.1255,Generator
-279.247,61.38325,-7.955614,4.6077924,15.592676,12.896702,8.692815,-0.46948808,5.435429,16.795553,5.9717836,4.3183722,-17.607521,3319.854780827288,0.17682336877893517,11.132832,0.42013472,17405.568,Generator
-177.4342,155.44109,-0.8160389,18.885288,-3.2197497,11.655434,5.9412355,7.5026703,-10.632539,-7.0798225,-2.1159003,20.146204,9.06264,1211.151381196052,0.058756510416666664,10.0745,0.416569,22019.363,Generator
-46.74666,12.370531,-35.236523,9.9663315,4.0642786,5.440559,2.6888347,18.773487,-1.5064132,1.1775165,-0.526192,10.9193,-4.860001,4113.390646395467,0.31415925202546297,11.242703,0.44232416,244384.7,Generator
-315.0688,173.23799,19.487621,24.88369,7.3681054,39.545727,7.2861958,8.730293,0.8126823,5.7773395,9.146001,3.926949,-2.9551244,558.3642590051903,0.010631419994212963,8.941341,0.26464736,3817.9788,Generator
-134.28291,144.73944,-5.8106833,31.436731,5.165732,18.068312,4.9524345,4.345631,-4.272266,7.1980534,-7.996301,-3.7773993,-3.6278708,1275.5926059444193,0.04304334852430555,10.112772,0.4312691,34257.816,Generator
-227.37637,-6.1922894,-20.330656,54.60095,4.111302,30.97029,11.068941,34.834183,-3.3767543,8.490289,9.38355,18.187769,-4.55696,3804.1974752026026,0.2462180808738426,10.688007,0.36942986,60472.383,Generator
-84.674644,152.3939,-31.883528,2.6782324,-24.822989,5.7131777,-17.667345,1.3794944,-7.3388524,-0.9498151,-5.8899536,0.4782558,-4.2090483,1435.175673432146,0.07341172960069445,10.143291,0.41069484,52797.734,Generator
-377.32806,71.94698,-28.352251,-20.161364,-0.24377887,-3.077866,9.006038,6.4393773,10.965194,12.149357,-6.300293,-4.7781034,-2.6149988,2951.4192220146997,0.1408013237847222,11.107543,0.54681134,12890.806,Generator
-568.2564,46.377163,43.925457,42.869293,41.09297,39.161797,36.77198,34.18085,31.270752,28.218002,24.966274,21.658018,18.26523,112.66742019768436,0.009010597511574073,1.6588942,0.013072983,83.29352,Generator
-195.71275,133.13547,26.984999,47.038376,26.744326,32.146774,21.12589,20.904854,11.121436,13.8363,-2.06463,3.9034598,4.099455,639.2449583488318,0.012776692708333334,9.273742,0.3502466,26146.736,Generator
-152.92242,107.70504,-26.375828,-4.9290676,-14.485323,2.8598063,-15.361294,-7.4377174,-19.237843,-1.066452,-16.633957,-10.747829,-21.113293,1890.267539524325,0.054502133969907406,10.606571,0.34663564,33071.293,Generator
-99.33476,133.98701,12.18705,24.465956,9.191074,23.012478,10.339215,19.11801,2.2717009,14.494537,0.3993836,14.307487,7.134133,1072.3347996521802,0.008741590711805556,9.847246,0.264061,47436.49,Generator
-189.74844,82.02099,-21.871422,33.643158,-6.8176312,-0.5474581,4.66153,3.8110626,-10.692798,-6.343397,-1.9693191,-9.922622,-5.2398157,2626.4638326137083,0.14737729673032407,10.955707,0.43353447,37280.523,Generator
-90.181854,61.946712,5.022381,-11.375868,-5.124078,-20.09165,-5.0302453,-25.107828,-36.139095,-11.793904,-30.35543,-11.77411,-17.743979,3470.749178797707,0.22454381872106483,10.950286,0.47804484,81633.21,Generator
-267.21417,22.902458,-66.18045,100.194405,-6.4236636,20.095852,18.953625,5.72308,16.162386,13.074036,21.07902,24.000841,12.743981,2868.6708168155706,0.14764856409143517,10.608551,0.403714,72389.336,Generator
-233.87517,117.96391,24.728453,23.740934,-3.1422083,16.191784,-29.143984,-20.642908,-31.018703,-5.2698035,-12.961144,-5.2022696,-13.180472,1566.4845788959497,0.054219563802083336,10.158663,0.4123737,18330.564,Generator
-242.90518,160.30862,6.5562525,32.673702,-0.008909614,20.016642,1.1077788,8.9275,0.92348176,6.803466,2.0897424,7.0833764,-0.45283565,853.4564467272094,0.022058557581018517,9.466518,0.43660933,10033.187,Generator
-51.236126,74.79049,-72.53908,22.997774,-24.279116,17.118057,-2.9568584,-16.90157,-9.2315235,-14.739283,1.7978363,-4.1416388,-5.2849164,2964.5282620482503,0.23461009837962962,10.830631,0.40354854,296239.03,Generator
-74.185455,112.73891,-34.88307,10.180054,-19.66174,6.641589,-7.6093526,4.0914955,-8.227337,2.9253256,1.5453329,0.2437114,-15.887196,2059.017213583209,0.11121961805555555,10.601156,0.33031583,83920.336,Generator
-98.3024,37.483147,5.4068723,6.7834496,15.109083,24.95011,9.28004,14.52353,0.963228,15.766163,-3.8209772,-4.4452243,-6.8816032,4197.729907688619,0.24659333405671297,11.269722,0.40774867,110677.92,Generator
-73.56714,145.41869,-3.9291499,38.754738,9.050843,6.5893025,-8.317767,10.85543,4.3365974,0.59599656,-2.1651905,11.053216,0.6606223,1235.654936654233,0.04151973017939815,10.192617,0.41432154,71437.56,Generator
-19.155169,87.136505,-3.724854,19.508694,8.293928,7.930707,8.262128,14.02004,-3.398242,1.2414229,-15.110738,0.63119,-0.67109144,2563.848207991983,0.13230613425925927,10.951944,0.3557092,161117.19,Generator
-236.41791,183.19928,-8.9835825,41.604355,11.544898,15.452257,9.985555,6.0980844,7.664251,3.8742692,6.7220283,4.3389654,6.0277214,579.9024668315493,0.007579662181712963,9.186141,0.32056206,10723.611,Generator
-58.31332,109.7943,10.230479,0.122187294,-8.305,24.932785,17.23018,-17.937302,4.6949944,-0.12583831,-8.006563,-0.25346103,-13.92785,2133.828459611428,0.08185718677662036,10.626839,0.34394276,78804.83,Generator
-53.51438,116.46198,-10.018932,22.80868,-0.9454553,19.722195,-9.957686,14.387992,-15.019222,14.966713,-8.08133,7.2387905,-4.585396,2167.187121083923,0.11040581597222222,10.9119625,0.47084102,190009.17,Generator
-45.826538,108.93585,-40.429794,23.370945,-10.520542,2.8768735,-6.4262643,1.8033526,-8.659624,-0.8388943,-7.3275704,-1.6368097,0.9189221,2213.1659179875164,0.11490885416666667,10.906674,0.50615275,162510.58,Generator
14.610846,28.248074,-1.5947791,10.887069,-10.890446,-0.51835644,-9.810545,2.1949773,-3.9373147,-9.054204,-13.978881,6.108991,-13.445704,4323.059967110439,0.2845142505787037,11.264646,0.45346937,438861.7,Generator
-32.569305,149.46399,-49.855648,16.604214,-24.511284,8.122161,-14.282527,-2.6766424,-15.222344,0.8088016,-2.4233341,-0.19091041,-11.409847,1674.3518712586256,0.10058141637731481,10.730727,0.4474722,133880.94,Generator
-30.540197,132.10654,-10.285488,28.076393,-9.868028,13.184559,-7.64761,3.075496,-1.3317176,3.2953296,-1.9836046,5.1412525,-8.672116,1713.1431792146382,0.08036747685185185,10.767742,0.4557059,144038.31,Generator
-35.4111,125.91149,-34.09148,19.727036,-12.132801,12.65826,-14.392314,4.5648975,-6.9154644,3.1261973,-13.150609,-4.7368474,0.95199203,1863.411720667947,0.09668872974537036,10.616876,0.43420285,123577.62,Generator
-117.05557,147.45335,-2.7090483,23.987888,2.4178243,15.069743,-13.12015,13.535523,-16.582907,4.9647,-15.932213,6.536957,-17.757729,1284.8478477017784,0.04282859519675926,10.042486,0.43583557,50922.266,Generator
-30.161776,122.254845,-11.254165,24.18339,-6.3410635,13.400831,0.17490385,9.602458,-8.662571,-0.79189026,-5.957485,2.4035797,-4.7652473,1890.125681570369,0.09202293113425926,10.568929,0.45085856,133668.05,Generator
-121.506134,167.95135,-30.701292,5.3196125,-22.305126,-4.900038,-18.33093,-8.158315,-17.077822,-13.129586,-9.308186,-9.318449,-17.35261,1181.6779430085114,0.059751157407407406,10.054945,0.44264138,35685.055,Generator
-220.94495,59.44651,29.048796,45.94949,21.386484,27.4096,12.007715,22.643394,7.8242383,21.716953,6.020857,18.247597,0.05852696,2233.4619421740854,0.05091236255787037,10.348186,0.20861681,26910.842,Generator
-454.4535,143.63733,49.048603,25.071486,20.55457,11.140785,-4.4680853,-3.0202677,-5.9960575,-6.7729707,-7.1879153,-3.7613769,-5.0134377,1093.3728058214783,0.028284143518518517,9.969463,0.24198662,1302.0006,Generator
-334.78705,167.30128,22.00732,55.812363,19.943935,20.439104,13.287437,9.532112,9.79785,5.6009464,1.7773895,3.7422445,0.8495499,439.83997114747825,0.012864854600694444,8.825818,0.27180424,4076.4114,Generator
-141.64558,63.363125,5.8312283,56.148685,-25.679724,9.934401,2.5270813,15.82218,3.562047,9.500982,-0.45507303,4.5801597,-2.2711034,2723.7037066310345,0.1260692455150463,10.699759,0.37848392,114467.63,Generator
-475.45972,88.98727,12.131453,-22.151657,9.465047,13.483559,-6.742731,9.548037,-10.30042,3.6398885,3.53263,17.74045,16.180113,2835.8911407210257,0.12827329282407407,10.967176,0.55672216,4811.1753,Generator
-176.35565,169.4416,30.513012,23.017447,3.3006546,25.480785,9.866708,-6.258216,9.910768,23.721184,-4.036126,-0.015106201,4.72513,579.138434460723,0.012344925491898149,8.724966,0.23289785,17416.49,Generator
-78.02755,122.35802,4.116798,46.13474,8.43311,20.685045,13.599687,12.142199,9.180987,8.206334,5.4975095,8.802962,3.3080862,1221.8914718214821,0.013212981047453705,9.290205,0.22368395,82749.27,Generator
25.646032,89.673775,-6.237592,27.27511,-4.673611,18.257002,5.2471485,13.015923,6.991144,7.355768,0.2511663,4.5520496,1.1891378,2118.0823391398626,0.08253761574074074,10.759378,0.416101,337928.53,Generator
-329.81445,145.18394,-13.796749,28.074215,22.343637,32.437637,0.8692764,7.8199463,14.790446,9.290211,-8.550958,-0.47931102,5.13556,1224.0170780237977,0.029457374855324073,9.928813,0.46505806,5748.3486,Generator
-491.46188,39.31127,37.012966,36.280296,34.87747,33.398518,31.530844,29.506908,27.197252,24.767113,22.131021,19.43328,16.60631,119.16728212500821,0.009498878761574073,4.955908,0.26061702,121.36885,Generator
-512.6808,41.276836,38.61181,36.490128,33.709396,30.360168,26.473862,22.168482,17.554352,12.737938,7.8283777,2.9524784,-1.7754387,162.63755394666825,0.013961226851851851,2.5588903,0.28686655,56.053535,Generator
-129.86768,130.06374,-21.771194,23.961594,23.439356,6.9102836,4.3492866,15.35631,5.97521,10.177696,2.7341952,7.923687,-1.6085793,1502.1421514505098,0.05513057002314815,10.228678,0.3571442,43608.13,Generator
-99.346375,135.47586,-8.845636,19.107351,11.086816,12.842547,-7.525134,10.232639,3.078575,3.2934067,-6.0210714,9.322295,-4.0297217,1459.5537264157017,0.0496826171875,10.442046,0.4948976,61768.426,Generator
-15.829027,129.54678,-31.214293,44.436504,-26.478687,14.447584,-3.8795516,5.2084255,-7.6858606,3.56655,-6.4309945,-10.251212,-4.5535693,1865.7121870468884,0.10193323206018519,10.576011,0.47589388,202278.84,Generator
-4.9438844,87.55831,-42.722855,17.656273,-13.095481,13.425379,-11.59701,5.913262,-3.4977264,-0.06497249,-6.464743,1.9766748,-9.432402,2514.1647946756075,0.15721299913194445,10.892196,0.42898625,249822.77,Generator
29.253162,81.96841,-25.565176,10.924999,-6.189657,-3.3679724,-6.826655,-0.89470595,-7.157523,0.34287697,-3.3498654,-5.9189095,-9.925182,2678.705023277205,0.1602715386284722,10.987562,0.44532198,284388.97,Generator
-208.28078,114.985825,-11.588007,12.645725,2.5965147,-1.670711,-3.6605458,0.7205288,-18.665028,-11.659257,-19.326225,-4.8694396,-8.071832,1926.6179522861246,0.10282615379050926,10.58467,0.5164827,19552.469,Generator
-210.5342,111.476036,-34.849045,16.855022,-9.870896,9.418701,-8.011088,-1.6795149,-5.454141,6.7019753,-2.3581274,3.0808735,-1.6367362,2086.333371129733,0.1179493091724537,10.72188,0.38266638,21494.209,Generator
-271.29172,63.598335,-17.150677,7.533796,-7.8424945,1.1144056,-3.5507262,-2.288191,-6.152218,-7.961651,-7.693448,-2.3100429,-7.2278147,3184.7503340947774,0.1757179542824074,11.15568,0.42129132,16652.488,Generator
-137.65271,100.291306,-8.247882,20.564585,-10.7252445,12.04501,-2.5313034,7.374985,-2.2032244,5.400257,0.21999699,6.472272,2.6380253,2152.964589662293,0.10015417028356481,10.757992,0.45090777,53711.97,Generator
-34.128002,68.11797,-66.11581,58.088596,-36.934383,-0.06725956,-32.871853,-9.025033,-16.211878,-7.3907156,-6.3278074,2.5065815,-5.0136685,2797.538530585743,0.1810302734375,10.673802,0.30584595,281298.56,Generator
-51.81438,141.463,-34.897808,11.5789795,-16.182804,-7.5263267,-25.586304,-14.027039,-10.885895,1.9104071,-11.966759,-5.6388087,-10.482014,1372.1406148361539,0.06193712022569445,8.987564,0.05672227,67903.734,Generator
-31.106747,60.351753,-79.64599,47.322536,-27.555668,15.251429,-21.728525,-6.957446,-10.007392,-7.3866453,-10.078565,-5.7167063,-0.2238453,2945.9911493420013,0.22667552806712962,10.40648,0.121872745,332023.47,Generator
-10.817335,68.75673,-66.51049,46.626656,-32.66272,11.030988,-27.815638,-8.955113,-9.928813,-6.385333,-6.0902567,-1.3154184,-2.6889353,2838.17230344536,0.22065791377314814,10.590269,0.2748948,398609.3,Generator
-8.152623,106.43108,-52.777622,30.885838,-38.44278,8.154381,-32.40089,-13.747321,-5.90303,-6.861405,-10.3186,-10.5882225,-10.521595,2201.1633914602985,0.12303331163194445,10.372933,0.18936944,251562.97,Generator
-8.940253,69.74798,-69.4962,48.60459,-31.210972,2.0529726,-21.600037,-3.371274,-15.192982,-8.4970665,-11.590428,-5.3364744,-9.433544,2748.328711611384,0.2116382740162037,10.614433,0.28348896,335566.75,Generator
-135.57771,135.08353,-34.20098,22.782421,-4.838736,8.370416,-8.335766,1.7985057,-4.3770623,5.1725793,2.0806885,3.281554,-6.042077,1657.2186796767844,0.08133951822916667,10.496469,0.4081236,42170.832,Generator
-345.6441,164.1994,19.680819,32.84322,36.466976,34.68842,8.850629,2.9668787,3.3533826,-5.2941623,-14.820609,0.9344426,-0.6621848,672.7675196115641,0.019142433449074073,9.193945,0.4896268,3121.99,Generator
-135.02771,103.05747,-1.9922953,40.01247,2.0364335,23.673815,-3.474843,16.916674,7.71084,6.109559,1.4754686,6.819048,1.6444259,1796.43467981686,0.05317066333912037,10.221422,0.41888785,51708.473,Generator
-320.32657,121.52084,1.7391131,17.1981,9.127242,-1.0777634,6.4403696,6.0383277,3.1097615,19.688107,6.1578727,7.568866,3.009644,1348.1627601619473,0.025976110387731483,9.519674,0.4298804,5435.995,Generator
-357.79788,126.57069,0.4824124,20.566053,13.390572,1.2611146,12.031413,6.6597114,1.8385329,17.77032,5.612696,7.829403,4.0957346,1170.860666085812,0.022436071325231483,9.432541,0.43417668,3763.8755,Generator
-516.4312,24.920097,-6.0650005,7.325573,5.6862254,4.1958036,2.7123952,3.4068396,1.6845422,2.8635774,1.7326579,1.8727499,2.2836165,2424.4798134415887,0.06096959997106482,10.891723,0.7224667,8277.585,Gunshot
-383.17035,62.10808,-8.474208,-15.421099,-12.671304,-10.840151,-9.005147,-2.6268952,-0.48240587,1.3990393,3.039748,3.3503768,1.8398033,1509.3287816722745,0.07621708622685185,11.098045,0.5401997,38718.508,Gunshot
-573.2983,105.951225,-2.795917,9.776428,-3.3646636,-0.5046394,-3.8116505,1.2340025,-0.38705134,3.2575574,6.3674107,9.917121,10.84727,1420.1686181141688,0.05278184678819445,10.949616,0.5654728,5047.2754,Gunshot
-576.0656,54.17864,19.341196,14.73758,11.530158,4.216858,4.977389,6.105656,4.729134,4.819657,3.9645252,2.0144117,1.4568193,2573.467072073607,0.11832230179398148,9.389883,0.89499825,1017.015,Gunshot
-676.7814,102.80646,31.46641,23.101122,13.196294,12.114565,10.565538,11.67043,8.900788,10.061573,12.75929,15.590685,15.893885,677.3127578005553,0.014992042824074073,10.845822,0.6980893,1411.2347,Gunshot
-680.8313,91.71652,-0.44635913,-0.33221817,-1.7533679,-6.1514435,-6.191953,-5.7402954,-7.489734,-3.567615,-1.0330671,1.6594361,1.9680964,2165.850488324333,0.09446885850694445,10.536316,0.6363335,896.1488,Gunshot
-121.80899,130.66945,27.020437,8.94243,-2.2191052,-2.1139014,-0.992262,-5.4586005,-4.4030232,-1.5971533,-1.1552097,1.771096,2.9083576,1577.0951594127519,0.051947699652777776,10.338045,0.44817165,176913.97,Gunshot
-685.7382,39.47548,-10.650665,6.983857,6.9945536,5.4925275,4.4698486,5.603194,1.5932246,2.8291242,1.3414663,2.776846,2.0170195,3263.677205093236,0.1401028103298611,10.821969,0.73443884,1364.963,Gunshot
-373.9179,100.71473,-14.3583145,15.066088,1.1110156,24.451717,18.070736,11.84062,6.7268543,10.985286,10.384935,8.346329,6.105044,2059.9241872646153,0.07349310980902778,10.215824,0.47785708,4919.1055,Gunshot
-351.88644,112.24926,-7.2314305,-7.8481755,0.6976174,0.32585964,-2.4038563,1.1725782,2.7235456,3.2905252,2.3781598,3.9534206,4.5513616,1300.6760770890517,0.06690583405671297,10.028797,0.4940638,10544.784,Gunshot
-498.11188,93.160736,-0.34259033,10.615468,6.412431,5.2564235,3.3761814,7.0258527,4.7991753,5.0569744,2.4081562,3.693345,3.3051624,2481.78426083982,0.0824291087962963,10.77634,0.48163614,14340.848,Gunshot
-473.91434,49.35611,-19.62994,2.8783665,-3.4301054,5.9838495,2.8857622,5.958384,2.8544984,5.2080035,3.635011,4.7805743,3.156693,3474.8561027184337,0.20923303674768517,11.038845,0.5105941,48244.797,Gunshot
-354.16092,40.82971,-1.2018806,11.579651,-2.9014628,-1.6428869,-2.8153508,0.5028303,-1.8730048,4.380086,0.2077879,1.6891607,0.5139535,4289.074362095485,0.35123923972800924,11.242148,0.6579805,115891.055,Gunshot
-164.96014,91.7664,9.6106,16.826462,4.0045414,3.9083643,-8.363923,0.04141684,-7.49234,4.728333,-0.5095126,4.95289,-0.9077432,2155.572134083248,0.07512749565972222,10.751697,0.60735583,160743.2,Gunshot
-557.18835,62.666294,-4.685028,3.366537,0.26258227,0.45203424,-2.5834973,-1.1890161,-4.389084,1.7271807,1.9691039,2.3604283,4.7021985,2339.8334571636947,0.13592077184606483,11.063013,0.6504645,7252.0312,Gunshot
-305.5077,160.99538,-4.799934,2.3728213,10.343184,15.703194,1.1533544,0.89920974,-1.5677038,-0.6317615,-2.7393093,0.14269736,0.59650856,1334.4690603774734,0.053643120659722224,10.105761,0.46978998,12670.402,Gunshot
-378.4556,75.83582,-9.14049,3.1518223,-5.061855,0.6504974,-5.558631,0.64643896,-2.2042954,2.510504,4.2956314,7.52835,5.5221386,1960.6444683076038,0.11052788628472222,11.100548,0.5804052,36444.75,Gunshot
-405.31235,49.433178,-14.799757,-9.206896,-3.821817,-3.9433446,-2.8205538,-1.4264029,-1.9132329,0.5734088,-0.5810394,0.846332,-0.26490733,3132.3146422110613,0.16422752097800927,11.127235,0.544648,44570.918,Gunshot
-508.46326,59.153957,-5.1959577,-2.7243764,-2.3708932,-0.8984605,-2.7350054,-1.0340966,1.434189,5.3787866,2.1578066,4.404842,3.6133373,3094.7199382608756,0.1642523871527778,10.891276,0.53703403,25116.4,Gunshot
-374.7929,66.02272,-14.983695,1.8842653,2.4031932,4.801182,-0.047762554,2.0360813,0.7571438,0.8681554,-0.061201733,2.2742326,2.1166637,2413.178754634301,0.10603615089699074,10.675967,0.52744085,33686.613,Gunshot
-227.25325,129.23819,-12.316642,21.106754,5.449803,7.9895844,2.3085904,7.693448,1.4765074,5.4563556,-2.5732334,3.2991412,0.006255538,1791.612185876365,0.08403184678819445,10.955937,0.4638435,54408.67,Gunshot
-426.95746,59.24881,4.241392,14.734918,-0.5114147,3.3732333,-2.6860583,-2.1437817,-3.6618242,-3.6418488,-4.353232,0.811013,0.8197033,2641.446180795756,0.14939145688657407,10.956158,0.5065822,50849.22,Gunshot
-288.8393,79.948204,-61.156265,51.844234,-22.316809,24.14813,-21.236233,18.579798,-12.393462,5.472674,-8.227334,5.1969204,0.26894554,2801.216179383025,0.20036033347800927,10.956619,0.5045283,77634.82,Gunshot
-369.89194,123.54546,-5.886643,-7.638798,-18.053417,2.7412279,4.6818004,8.43771,3.374222,0.38297117,2.0282636,5.0800953,1.5645828,1470.8934124602465,0.07765932436342593,11.001526,0.5653535,23875.412,Gunshot
-417.4108,108.780334,-4.151446,-12.557466,-25.237663,10.773286,-12.346067,3.2691693,-0.16795506,3.6987107,-4.6267004,-0.16334383,-4.680632,1873.6388827079963,0.08410192418981481,10.404552,0.4858801,5088.0913,Gunshot
-467.3618,168.34668,-4.6706686,-8.825997,-4.510391,-0.46457863,-8.612937,-3.2257452,-2.426302,-2.346124,-5.0216365,1.1049826,-3.599199,1221.2231182356884,0.060234917534722224,10.045103,0.4675026,808.7024,Gunshot
-392.35583,44.62785,15.401328,20.035372,8.64945,11.495109,4.4341974,8.591004,6.228393,11.195273,6.5713344,8.134033,2.4295397,3511.4172690434693,0.12946686921296297,11.314242,0.49084306,27975.033,Gunshot
-744.98785,42.928394,16.988363,47.53462,-0.8630891,23.044516,3.6973042,9.713493,8.683199,-1.1647449,7.7508297,-5.184759,-0.19310284,3560.132430427765,0.18250641999421297,10.912055,0.6530538,3995.225,Gunshot
-526.8674,69.2944,-1.4123791,13.931246,8.984721,10.670686,3.5456452,2.4273732,-5.6447945,0.5275995,-0.61311597,2.0897582,0.5352645,1706.234023611191,0.06456163194444445,10.88074,0.6135639,16399.963,Gunshot
-196.64374,75.26105,-14.303107,7.3941617,1.1149174,1.7731092,-8.405787,0.74307054,-1.7152121,2.9243555,-2.0050564,4.271248,-0.9285183,2783.130734646058,0.2148460105613426,10.936567,0.5272197,96446.77,Gunshot
-355.37146,41.23498,-14.666119,14.238628,9.514034,7.1511207,2.3275638,7.0155663,5.81597,4.46159,2.1090624,2.246158,1.922263,3785.054906280487,0.3167747214988426,10.023518,0.56674755,24951.951,Gunshot
-347.87543,66.04283,-7.8286395,5.939718,-13.965648,-1.2384146,-17.864986,-3.7923634,-8.641215,-5.8798347,-8.7765875,-2.1312604,-12.295819,2880.866340392115,0.19590476707175927,11.073884,0.5339025,47956.65,Gunshot
-480.55115,51.474632,5.217257,-0.6195248,-3.464551,-1.1537719,-0.2448811,2.248866,1.7898712,2.0483217,0.2718153,1.8905233,2.4241197,1750.271746451668,0.07597972728587964,11.1333685,0.6397697,21579.06,Gunshot
-302.1261,152.6044,-28.855997,-13.900793,7.075085,3.4221315,-4.2965646,0.58361787,5.28576,6.7544465,4.504553,5.696619,6.276584,1394.593127998127,0.08173511646412036,11.123008,0.5683181,35358.29,Gunshot
-333.47858,158.72044,-46.47527,2.6721754,15.45671,-21.542576,2.8808868,3.1960053,-4.0004525,-4.770465,-1.4599665,12.540312,-3.699188,1113.0085329616104,0.057981137876157406,10.45341,0.48446265,51914.05,Gunshot
-417.68777,58.50673,-31.369438,9.702513,-10.161312,-5.380889,-6.296285,-3.609662,-8.903486,-2.5452168,-7.566213,-3.5634196,-5.264023,3250.661999690724,0.2390114113136574,11.069946,0.6803468,40112.246,Gunshot
-340.9259,112.23119,-50.983665,8.601148,2.4308887,9.196494,-3.7317464,1.3586957,4.854839,2.1989627,1.9739391,2.8069825,2.6391134,2041.1209002302742,0.16270164207175927,10.680044,0.60447824,57741.684,Gunshot
-425.8162,50.50718,-20.220215,0.8462954,-7.7820673,-1.6898555,-6.002186,1.6576662,-4.7703757,3.2772725,-2.6053104,2.8566697,-0.9475654,4174.575622827327,0.3825208875868056,10.952449,0.5845891,38013.953,Gunshot
-461.46033,91.722694,12.188351,23.794146,9.061152,11.264924,8.32384,3.4373343,2.5942607,6.196636,0.8365579,1.1700538,-0.013402303,1805.8282081926677,0.07381637008101852,11.36959,0.60317594,53478.402,Gunshot
-428.01566,86.85089,-6.406665,-13.113979,-0.6999424,-2.203616,-5.4303703,-3.0529654,-2.1176546,-2.6192079,-4.480287,-4.9029875,-5.6559825,1396.1171813379003,0.10150372540509259,10.30546,0.5668112,5980.3955,Gunshot
-267.10855,51.175674,-3.7801187,-6.748878,-6.3191743,-8.863415,-7.8333097,-10.127814,-9.780732,-4.269566,-6.598791,-2.9499211,-3.581456,4957.272716818207,0.47017189308449076,10.965566,0.5119446,178679.33,Gunshot
-554.78973,174.7095,3.6640425,-6.49201,2.1290925,-2.3016264,-6.110295,-3.905121,-5.684381,-0.8300006,-1.4879494,-0.026242716,1.5250733,1150.3850495757945,0.05602575231481482,9.683205,0.49240884,330.04858,Gunshot
-246.66582,57.51995,-20.5439,3.382381,-8.671506,-0.15930437,-11.754154,-8.729874,-13.368748,-8.81505,-13.816174,-8.29788,-11.738591,3651.911452478935,0.27207664207175924,11.032513,0.56654966,111139.6,Gunshot
-410.42148,110.894775,-1.9885564,-19.938818,-24.282543,8.889173,-14.166645,-5.295816,-4.04306,0.057152852,-5.52778,-1.209862,-3.2786152,2262.2485664404508,0.12587257667824073,10.251368,0.57653075,5300.4365,Gunshot
-375.99097,120.631775,-14.506409,-10.475287,-35.52173,7.9180593,-21.79315,4.0432982,-8.456144,0.61149,-2.905154,1.1691613,-9.807055,2056.8183664673484,0.11888292100694445,10.281358,0.5567497,5278.52,Gunshot
-375.0173,146.83223,40.932365,14.494839,4.4186716,-0.048843667,-0.24443139,-0.059328645,-2.6284227,-1.228536,-3.4453046,-2.148122,-3.1155984,805.9303953541261,0.04095911096643518,10.967489,0.4606628,24774.848,Gunshot
-363.2006,81.81701,-5.6341496,-2.1456017,-8.639672,-3.8392384,-3.6962917,0.27947986,2.0237994,2.672713,2.0522668,3.4313452,0.42079312,1330.812080146545,0.07056116174768519,11.201324,0.5285757,46105.33,Gunshot
-480.14685,84.73394,-5.6829457,-24.782263,-14.144744,1.7648522,3.107644,1.1994746,-1.3876054,-1.0259204,-1.739321,-1.574958,-2.4649923,1262.2532758061297,0.08117223668981481,10.658787,0.55295026,8992.557,Gunshot
-440.1755,84.994576,25.537687,19.891994,11.807714,11.332104,7.9334464,9.5548315,6.836492,7.3080444,6.167223,5.132878,2.2088335,989.1784765549754,0.03406213831018518,10.847311,0.46306852,12434.414,Gunshot
-339.79318,67.254265,-22.163624,-6.77188,-3.9100933,-1.1019937,-7.064137,-7.957596,-11.615692,-9.614131,-9.36334,-6.6818633,-9.017479,2696.9162586064567,0.16463442201967593,11.003462,0.550127,42633.5,Gunshot
-361.15915,79.93277,-26.254318,-11.8666,-8.937224,-3.3950481,-6.230013,-4.8261027,-8.118473,-8.264692,-8.523609,-7.213537,-9.973219,2509.3761452450426,0.1405097113715278,10.963951,0.5629121,28789.607,Gunshot
-377.2783,134.31839,-0.77576643,-21.886162,0.997098,10.84739,15.635871,22.09239,10.503762,15.921446,1.3759224,7.518145,7.2200785,916.278118996975,0.02216706452546296,9.937714,0.4817771,5555.219,Gunshot
-180.61162,56.628475,12.545489,35.629765,16.00481,22.77125,11.821484,16.430548,7.1556034,18.563622,2.5033615,19.126295,5.4851933,2208.8708002902354,0.0795604564525463,10.7461,0.5622555,102669.81,Gunshot
-224.40471,16.230343,-13.704643,28.93698,9.250772,13.378417,-0.09332429,7.2608294,7.8925376,16.700064,0.5727328,-2.590624,9.220091,3212.9319880197227,0.16867856626157407,10.802484,0.55717134,106803.84,Gunshot
-300.3732,84.73795,14.76154,23.499144,13.424406,12.675393,9.561829,11.369719,8.13335,13.094464,9.939135,11.831193,9.24934,1417.154820743065,0.04899314597800926,10.418568,0.56913203,37586.387,Gunshot
-191.39383,83.835144,6.439812,24.743309,-3.6226656,18.125608,0.96337116,10.333991,2.1301131,9.103981,4.8542004,10.385663,4.3508244,2359.446267926903,0.09614393446180555,10.654377,0.49867424,63858.734,Gunshot
-250.60858,37.75034,13.157951,27.022524,9.803945,20.192667,8.553163,10.205365,7.620868,11.14612,3.1201417,9.392364,3.1597776,3434.8729429217346,0.16702835648148148,10.843307,0.5236744,84074.836,Gunshot
-348.2162,45.2179,-10.724256,17.814009,-3.1300888,9.989595,3.6801074,6.409107,6.1552577,8.312998,6.6453886,10.243892,6.9659524,3493.6953832541485,0.24229600694444445,10.761508,0.6217175,57319.93,Gunshot
-270.48257,25.905169,5.183132,25.099825,-5.8864493,22.845066,2.6912718,9.566985,7.336715,6.970093,2.5753384,8.816751,-0.056473404,3601.582614666275,0.20290346498842593,10.947871,0.52672845,119968.33,Gunshot
-330.57913,15.148449,10.64163,38.258938,21.20463,-2.9754832,13.791323,25.838339,9.697295,2.1932049,15.942267,22.154057,0.110974774,3409.6413659567393,0.20903636791087962,10.855162,0.62069404,95149.8,Gunshot
-606.46484,20.403713,-5.530085,-1.7317789,-0.06652783,3.9807117,4.3780403,3.1111126,1.6623408,3.0991516,4.238006,4.8399563,3.1608691,2939.762122031762,0.11662235966435185,11.145184,0.6675,7852.806,Gunshot
-327.62775,125.68159,24.232336,22.041393,10.89109,12.8638935,7.3818645,8.545672,7.5033875,8.999767,5.7729716,9.548871,6.326298,832.0577868467082,0.024393717447916668,9.779182,0.4599117,13827.974,Gunshot
-306.22693,91.7312,9.097622,-0.34875628,-25.886076,-16.95247,-19.61018,-14.950371,-15.791547,-13.632415,-16.947592,-12.270183,-17.64958,2452.156495176444,0.13194896556712962,10.258757,0.49561602,10449.758,Gunshot
-408.09396,33.495552,-3.3551624,4.432552,-0.2567683,2.002338,-1.7057192,-1.1842011,-1.7557479,-0.0012965555,-1.221836,-1.0945743,-1.7493341,2674.044811219904,0.1662529839409722,11.229879,0.46156287,69987.38,Gunshot
-386.7463,78.61219,-18.1992,16.853256,3.0551844,4.916149,0.63306046,2.9304037,-0.048799586,0.6347902,2.393365,1.8213885,0.2832466,3550.5663884786513,0.3177806712962963,10.777981,0.47909787,43909.86,Gunshot
-466.2129,87.96758,-19.022621,-24.294579,-27.285454,-1.7003589,-13.16843,-1.3105251,-0.291008,-0.040821392,-0.16079903,-0.71659416,-0.93797785,2844.249595433214,0.24094419126157407,10.333199,0.53089917,5211.989,Gunshot
-334.1683,51.718716,6.815441,18.822031,4.6833835,7.609668,4.6202116,4.8134084,1.9483589,3.464629,2.624972,2.9634027,1.5493983,4048.7154198615267,0.3489515516493056,10.710674,0.45624676,46409.52,Gunshot
-368.73343,125.681046,43.569035,15.745281,5.6828694,5.6968274,2.4585168,1.02161,-1.2367175,-1.2327183,-2.762978,-1.993491,-2.2359202,602.5332317093498,0.02751781322337963,9.67201,0.44328696,4611.773,Gunshot
-430.39337,81.48876,-10.1890955,-15.903212,-23.129164,3.1987057,-19.073305,4.2919006,-1.9629288,1.7511404,-1.3080804,7.079991,-5.936129,3481.087719779928,0.2720043041087963,10.342517,0.55751115,5100.6177,Gunshot
-415.68875,98.86289,-74.541756,7.309415,-2.5764494,-14.524047,-6.264063,-5.5180173,-8.917113,-1.979225,-5.925012,0.96527237,-4.3832498,3526.364740208632,0.3319046585648148,10.644665,0.50958484,28115.992,Gunshot
-308.77887,62.39954,-27.119596,1.347734,-2.9878795,1.5678468,-1.0220746,1.6808062,-0.65900844,1.5580249,-0.2494112,-0.3501203,-1.3240763,2311.5374844950616,0.11574074074074074,10.860832,0.49762544,100331.445,Gunshot
-234.59784,138.65164,-40.565193,-9.812779,-23.723145,-9.924379,-8.7273,-5.3348536,-14.898767,-5.420193,-2.4708552,-5.0002503,-9.997392,1721.2195018653133,0.09641972294560185,10.8802805,0.51850015,56634.4,Gunshot
-390.24838,201.18248,-18.856344,-39.683235,-25.851494,-45.459152,-37.170902,-35.06946,-36.878784,-17.823938,-12.908486,-16.98397,-9.152962,1234.5426655510437,0.11003508391203703,8.917488,0.49589765,1230.8555,Gunshot
-580.2048,20.292305,-1.2209038,2.5344923,-5.1445518,-0.4456902,1.5946954,3.1267638,3.7538667,4.784022,1.7424302,4.151221,0.9139573,6005.916505008537,0.5613312897858797,11.263483,0.5158787,16182.873,Gunshot
-442.05,53.658394,7.416714,7.037714,1.9496961,2.4873505,0.40483034,-0.32614034,-1.2555796,-0.87100405,-1.2464976,-0.97198784,-1.3178931,5184.101038301795,0.4997242115162037,10.785244,0.4326568,22859.68,Gunshot
-258.3445,32.74979,-58.254807,-9.970014,-17.133741,-1.8744315,-13.016291,-6.8241754,-8.52014,-2.8354533,-2.6046133,-3.9074235,-9.073462,3336.894222700372,0.2268744574652778,10.988815,0.5588605,37296.33,Handsaw
-318.50864,43.549786,-48.921696,1.0347251,-17.859646,1.1900003,-11.550544,-10.020948,-10.228186,-6.294709,-7.901401,-3.7988918,-3.631995,3203.996107607192,0.21336760344328703,11.169819,0.53562087,24823.604,Handsaw
-311.83932,41.1384,-60.340553,-1.1124223,-12.011971,0.6084931,-10.016752,-5.4087954,-12.817323,-7.574901,-3.0997272,-2.13653,-8.683764,3147.2476540957964,0.21390561704282407,11.10318,0.54334956,32519.137,Handsaw
-285.09988,46.708523,-53.313644,-6.4710884,-28.608683,-7.297402,-21.501698,-14.414546,-15.996738,-13.342151,-12.087579,-8.320031,-8.506852,3060.0776704621494,0.20130298755787038,10.870419,0.5832222,27228.316,Handsaw
-299.3483,85.04562,31.234274,3.205464,-15.044385,7.99575,2.79086,-7.868593,-7.301786,1.133947,-10.509892,7.560047,-11.808183,2940.7685332401834,0.1522148980034722,10.890962,0.55980766,15324.871,Handsaw
-341.14178,75.5504,20.312162,4.2776804,-10.294889,12.263478,6.9669166,-3.7983217,-2.3548567,6.267608,-4.4292164,12.176365,-7.444449,3085.922305230237,0.17639612268518517,11.2076235,0.5569344,18942.67,Handsaw
-223.38046,88.89666,7.7117214,11.597081,-8.941126,-0.86977994,13.902998,-1.8676805,-7.580065,-2.0876937,-2.4402905,7.515551,-16.68538,2809.4102150996496,0.15645571108217593,11.118253,0.5451739,40715.086,Handsaw
-446.93393,22.145153,-7.7578983,12.303361,-16.895805,11.398761,-10.336785,2.838671,9.040505,-2.20432,6.5480084,16.411371,0.39235023,3978.72390071989,0.28585250289351855,11.227786,0.5741038,5895.3784,Handsaw
-461.785,15.506847,-14.481048,5.585906,-16.283932,6.072788,-14.348356,1.5313627,3.5208144,1.809317,5.6319275,18.107594,2.5792038,4032.754855912449,0.25431541160300924,11.314713,0.63775057,6074.962,Handsaw
-457.2414,22.131327,-6.4781566,4.6765924,-13.974641,4.7158656,-11.3505745,-1.625651,1.8299289,3.406692,6.9952025,17.021835,1.4406543,4008.645424776958,0.24013491030092593,11.3100605,0.63193184,5113.077,Handsaw
-285.655,50.433857,-16.813622,18.300816,-4.096085,12.406591,-0.2829043,6.2771945,-9.2341175,14.632136,-3.5468333,2.3352382,2.1606069,3327.996644370512,0.20960376880787038,11.235544,0.61382604,41794.51,Handsaw
-357.72876,70.4704,-12.178937,50.8148,5.6573586,22.775234,0.82497066,8.932811,-1.4077178,-5.0740323,-1.2833387,-4.5461373,-10.877729,2517.9408765444277,0.13599989149305555,10.918026,0.56483436,28078.89,Handsaw
-162.80156,64.245155,25.74306,40.0383,21.10984,11.008977,5.132523,6.1278777,-6.2190957,6.2015076,-4.607878,5.4777246,-1.4394109,2764.315460062668,0.10956036603009259,10.899517,0.52738714,74022.78,Handsaw
-278.87952,59.57393,-15.372939,1.3789651,-6.220064,-3.1715484,-2.8840365,-1.8274834,-6.7151494,-3.3976378,-6.6473355,-6.890885,-5.7293124,3272.4665535624567,0.20281530309606483,11.22809,0.5271796,55411.562,Handsaw
-119.26074,39.708023,-29.6455,-2.2853792,-4.8373322,-4.2699184,-3.532039,-0.7326161,-8.850411,-4.142719,-9.712789,-8.525813,-8.328758,3639.5729732796017,0.24460404007523148,11.287529,0.5161917,99432.93,Handsaw
-146.35945,43.165024,-32.4503,-5.350482,-7.9346795,-4.773162,-3.159738,-2.4128985,-8.719134,-4.1361184,-10.71779,-7.3839507,-8.676197,3539.2882082999213,0.2394703052662037,11.2724085,0.51161236,83771.25,Handsaw
-278.60495,69.31326,1.6000121,9.405406,-3.7587316,-3.389175,-5.453055,-7.787055,-10.763593,-4.359356,-7.645685,-4.3919444,-7.4410806,2748.4602861237686,0.1468438042534722,11.193273,0.50586116,58098.297,Handsaw
-127.79037,56.008617,-14.914252,1.0174032,-8.263692,-7.367296,-8.0182085,-9.747833,-14.118976,-6.3254814,-9.618702,-7.4196777,-10.076509,3356.449783420032,0.20622875072337962,11.23373,0.512164,103596.31,Handsaw
-269.99533,67.99469,-10.993257,6.1381845,-3.7392657,-0.60052407,-1.4360414,-3.9400494,-12.340524,-6.4390016,-9.504268,-6.061615,-7.194526,2818.4874728137866,0.16027379918981483,11.204201,0.5240105,30247.17,Handsaw
-250.34073,63.27719,-8.851281,4.7180166,-2.9018478,0.77911884,0.23693621,-1.0216578,-8.807052,-3.4912055,-7.7089224,-5.7995167,-7.325071,3234.3600192139847,0.19412796585648148,11.248679,0.5203279,47538.656,Handsaw
-296.8545,76.78615,-14.258916,5.590115,-4.5209527,-2.7119787,-1.2271372,0.80080783,-6.3818064,-1.1457797,-5.3362813,-2.3536332,-6.1301913,2849.3543999194485,0.15617766203703703,11.160785,0.52754664,23347.895,Handsaw
-330.68628,105.636765,-3.8789768,15.32626,-13.319465,-8.510601,-3.700709,-8.039754,-0.54202324,-4.3147163,-4.142172,-0.64446473,0.39091966,1861.0880547574677,0.06316008391203703,10.504065,0.609841,9166.689,Handsaw
-365.12128,95.978035,-4.4752064,10.080668,-11.260066,-0.21093029,-2.9277399,-9.22392,-1.10521,-2.2110133,-8.337542,-5.1334176,1.7517298,2244.1587293543175,0.09110514322916667,10.692768,0.60505795,7769.087,Handsaw
-313.16464,97.5959,-0.25294906,14.787535,-14.6628895,3.11356,-5.0320253,-8.599383,-1.9808177,-9.19286,-7.406418,4.648218,0.4189283,2113.324028774037,0.0743091724537037,10.478011,0.59186715,9289.881,Handsaw
-192.32591,5.5316677,-22.7661,-1.2400942,-2.7815456,-14.144993,0.32119045,-1.840072,-4.5468006,2.3295014,-6.0404105,3.1017334,1.4110483,4575.333021259767,0.35137939453125,11.354869,0.5748099,74500.016,Handsaw
-133.76622,-7.091442,-29.594852,-5.089982,-5.5084434,-18.413162,-1.748263,-2.8476405,-3.4667027,2.096015,-8.029688,2.2936995,1.3280458,4762.759814691094,0.3712180808738426,11.348557,0.58477,123126.09,Handsaw
-156.79466,1.9191389,-31.618118,-6.755909,-4.752436,-16.79503,-1.37034,-1.2382779,0.49258474,3.3934915,-6.1033835,1.9071695,-0.42868838,4547.092666713857,0.34488480179398145,11.340765,0.5831014,100259.45,Handsaw
-198.77861,4.767154,-20.571692,-2.556601,-2.4410532,-12.878158,2.0599988,-0.76119655,-3.8343089,3.084489,-6.8174243,-0.4999716,0.5197639,4667.64756251414,0.3553738064236111,11.359689,0.57131463,75237.28,Handsaw
-157.76976,9.636051,-22.879606,-7.433033,-2.5915844,-14.549004,0.22175887,-1.9514257,-3.555321,1.306753,-6.6206045,0.8648824,0.45829433,4599.72620878255,0.35004566333912035,11.334487,0.5778117,86249.7,Handsaw
-189.34636,8.061672,-24.543037,-7.971683,-5.120127,-14.532109,-0.78666776,-2.160975,-4.22663,2.2666879,-5.4559326,3.1327405,0.33220497,4535.060787297056,0.3394119827835648,11.351458,0.5873192,82678.805,Handsaw
-443.41275,56.656296,29.146719,22.605017,5.113804,7.3055763,4.000143,0.79033124,3.8712244,1.1601864,-3.5591435,6.540948,-3.5024662,3502.4350311528915,0.15484167028356483,11.163547,0.5900775,4134.5903,Handsaw
-412.71707,50.700104,32.013496,17.660666,6.445709,7.3792834,0.27168068,0.83031654,1.8058047,0.2271979,-4.4592786,3.4914901,-5.119459,3856.606483110695,0.1991848415798611,11.188721,0.59793556,5127.88,Handsaw
-455.5445,54.69834,25.080612,17.16241,4.0833864,4.819741,-1.5479349,0.20383164,-0.43240178,0.8921578,-5.134622,4.85478,-4.012943,3312.4079662089935,0.1544528537326389,11.1224785,0.63845414,4677.5806,Handsaw
-420.14395,61.41624,16.983242,13.082165,2.5653183,2.7216828,-4.044214,0.82716334,0.07211261,0.20248614,-4.11599,3.6691077,-3.8981154,3298.1174134540424,0.17033781828703703,11.091597,0.65624714,5786.1567,Handsaw
-320.03833,74.97214,17.917055,10.642861,7.9339542,10.208209,-1.0857762,7.9907675,9.043236,7.823998,0.2339113,4.0698814,3.0524836,2624.7312409451642,0.11919713903356481,10.773135,0.5113559,36825.758,Handsaw
-211.39812,90.5397,19.688858,13.868992,1.3471731,8.543911,-9.085536,2.3338454,3.8780231,6.636416,-0.92394793,-0.7000611,-2.2358885,2402.2392231234753,0.11157452618634259,10.694216,0.50781715,52738.312,Handsaw
-98.35098,101.033165,9.873919,13.234825,-15.079324,9.152636,-14.8154745,2.5104003,-3.999579,-1.5992949,-4.213831,-2.2097523,-5.632763,2297.2933819367045,0.10384340639467593,10.791401,0.5078103,81199.72,Handsaw
-102.131836,92.471275,0.8570772,14.166481,-17.522154,5.4643836,-14.30507,3.1142101,-2.9535284,-0.92460144,-3.0291867,-0.33010542,-5.065796,2522.346011649355,0.13041630497685186,10.979465,0.5144183,100882.055,Handsaw
-219.87958,89.606735,2.909323,11.894164,-14.374722,4.5298176,-7.2588997,3.568039,0.46204287,1.5337874,-2.008198,0.48204124,-2.7366245,2446.1604739086824,0.12315764250578703,11.091233,0.5248493,93243.664,Handsaw
-172.5653,83.49358,1.0950478,14.500349,-16.801807,3.4624867,-10.1487,2.4378278,-4.192477,1.3393408,-1.2965411,0.16917513,-5.476886,2720.3514352918396,0.14679407190393517,10.965023,0.523596,87830.77,Handsaw
-447.1169,89.481544,-4.823733,11.33219,19.44514,8.613926,-6.4768176,-8.672634,-2.3580453,3.9328635,-7.685076,-8.412738,-1.3215659,2115.5878532899565,0.10161449291087964,10.727667,0.6318134,4030.7825,Handsaw
-457.60388,90.46182,-5.230933,10.804365,18.9354,8.45338,-6.348471,-8.82815,-2.2733247,3.580925,-7.744831,-8.513996,-1.602257,1974.4429623996914,0.089599609375,10.729991,0.63280624,3575.0034,Handsaw
-360.42145,25.364796,6.1726694,16.292597,6.7742405,-8.909231,1.6249563,0.6823765,1.5445975,9.545207,-3.0715563,-1.2699461,0.91818875,4387.113606525167,0.3025987413194444,11.350971,0.55879194,13833.546,Handsaw
-239.57881,12.935644,-14.404236,6.5631385,3.9348469,-14.045625,-2.022078,1.7240179,-3.0908298,4.4081883,-0.013750023,1.2682837,0.18554829,4473.997528107918,0.3233439127604167,11.32335,0.5710472,45228.074,Handsaw
-219.39508,14.448888,-20.48239,-1.1558425,3.7141058,-15.537406,-4.6744556,3.3763077,-0.6536583,-0.3471232,-3.474407,3.4470236,-0.21142194,4429.633279183764,0.3195529513888889,11.325134,0.5548054,47855.92,Handsaw
-171.69994,-2.60462,-30.081348,-7.188485,-4.6293416,-13.274461,1.194811,0.98614514,-1.0984119,2.7138758,-6.2151217,-0.05940922,0.7737628,4541.273727030088,0.34686279296875,11.348695,0.56372166,93030.48,Handsaw
-231.19359,-3.8392763,-27.814955,-7.5859933,-5.069598,-11.829772,1.2545042,0.03568833,-1.4557093,0.76450014,-5.33438,1.3037924,0.73323935,3931.028731809652,0.29881908275462965,11.344135,0.57891554,89292.84,Handsaw
-376.05215,51.842358,-2.0460007,12.747291,2.8110597,13.033497,4.8586993,8.4678,6.0625496,9.832667,-11.506852,-1.0397424,1.8361967,3531.2300978276967,0.20775915075231483,11.160536,0.5832526,20827.86,Handsaw
-292.5503,32.908443,-1.9042633,13.991628,-5.493668,12.845982,-8.842955,12.031215,5.9276924,11.8912735,-10.172563,-1.0104866,-8.636764,3993.8647765485716,0.2774952076099537,11.324623,0.66831714,53535.984,Handsaw
-293.85968,34.8365,-15.098547,10.872245,-4.2570825,9.737279,-8.69222,8.525969,2.6805272,9.895344,-10.588456,-4.9328213,-6.6068673,3492.0622026526366,0.22829182942708334,11.273801,0.6381755,39755.277,Handsaw
-282.40646,32.885735,-22.031055,4.6899137,-6.4340444,7.2615466,-11.267497,5.7330804,2.771736,12.264551,-12.831028,-5.708287,-6.1952953,3779.304609550717,0.2563612196180556,11.284587,0.64329946,35574.297,Handsaw
-388.819,36.6013,-18.080503,1.4070878,-4.4835663,4.3980207,-7.8485355,11.217865,2.180086,9.746469,-14.661022,-2.1503282,-3.847206,3907.642604947305,0.2851698133680556,11.238604,0.592874,21156.406,Handsaw
-372.1093,46.537178,1.6670436,11.110371,-5.331251,7.452877,-4.273879,11.154882,4.819493,14.786308,-4.0695577,-0.65072745,-2.3004715,3651.801261109194,0.2322116427951389,11.039519,0.58955455,22515.729,Handsaw
-418.11765,42.726727,7.580478,11.299981,-1.5508046,2.5914786,-1.9373587,14.542498,8.109657,16.899002,-5.4162087,1.6842592,1.2477027,3719.477582695094,0.23885317201967593,11.13036,0.5776721,17545.453,Handsaw
-455.5131,39.430576,9.128442,14.1664295,2.8981802,5.472214,-2.617178,7.617764,6.232865,12.875886,-4.3721538,0.8220818,1.0400735,4146.410269765914,0.2658013237847222,11.035381,0.5916386,16497.61,Handsaw
-457.61868,9.333227,-14.644606,19.827837,-6.9564075,3.3713007,-6.0104337,5.7507176,-9.256524,2.721383,-1.4148659,2.2936938,-1.9364675,4372.24421674813,0.3579508463541667,11.272851,0.5532978,7791.758,Handsaw
-381.88007,2.9181235,-35.189228,16.073154,-5.2886047,4.1378593,-9.561761,5.361285,-14.2123575,-1.3279246,-3.4424484,4.571426,-1.9139357,4209.300532097837,0.34431514033564814,11.200909,0.52217215,11041.824,Handsaw
-421.58926,8.296003,-22.178633,22.109316,-3.9177213,3.6996934,-9.225774,5.0575876,-12.831878,-1.8960799,-4.419975,1.4756689,-3.7490983,3940.225854117348,0.31354663990162035,11.283115,0.51410097,9277.288,Handsaw
-367.58865,14.5397,-30.394278,18.080173,-10.015102,-0.37777632,-10.596302,7.248279,-9.088792,2.3813431,-5.6002545,-0.63071215,-3.4579782,4006.2234264987474,0.31939697265625,11.158275,0.5587478,13312.159,Handsaw
-326.30945,5.163568,-51.686646,7.149942,-10.209868,-0.47613603,-12.651613,8.295747,-7.1376224,2.9753053,-6.8944387,-1.3096906,-4.8265142,3901.918078716545,0.3003336588541667,11.127782,0.52644616,18707.938,Handsaw
-326.98285,8.622347,-48.894882,8.148863,-10.939484,-0.026609015,-13.21671,6.3774967,-8.157954,1.8043536,-8.9710245,-3.0038884,-5.3755646,3775.5460491950703,0.2957130714699074,11.119066,0.531038,19878.152,Handsaw
-358.65103,-2.9637969,-41.58044,16.484444,-11.485059,1.2057031,-12.062914,6.541146,-9.590773,3.2911136,-4.890259,-1.7157671,-4.465939,4198.601312896899,0.3442314995659722,11.078557,0.53423125,16787.607,Handsaw
-356.28793,15.685775,-36.288017,17.235935,-11.067271,1.9556398,-6.874879,9.870232,-7.2846713,3.4611986,-5.30387,-1.9792777,-6.375748,3853.6691802489227,0.30030427155671297,11.086507,0.5359703,14857.879,Handsaw
-294.20386,0.21011296,-52.15661,8.057665,-11.37568,4.7276635,-9.805223,10.948561,-9.004125,0.7760449,-7.0045996,-2.1415179,-2.3440135,4011.9245238996514,0.3170731155960648,11.150595,0.52958006,28480.979,Handsaw
-320.01575,-7.526971,-36.0742,16.299753,-3.509345,4.3217473,-14.119648,5.2916503,-9.498099,0.90742123,-5.760178,-3.2712307,-5.5404506,4239.5315411107895,0.3404834888599537,11.322377,0.5118722,33019.297,Handsaw
-293.21918,9.401591,-43.89533,13.0832815,-9.822792,2.2715044,-15.664847,5.7686276,-9.64646,1.1723679,-6.5885496,-0.17465504,-2.951241,3947.2737351136584,0.31162290219907407,11.203191,0.5341478,26226.346,Handsaw
-342.62195,-4.0581794,-42.12575,6.8131223,-6.4198294,8.978954,-10.515835,7.757353,-7.543218,3.8857334,-3.78069,0.98945135,-1.1750594,3939.769800022024,0.31058304398148145,11.234489,0.5144168,22353.22,Handsaw
-354.88846,3.279151,-17.2002,20.037756,-10.208721,0.58350074,-13.158683,4.342457,-10.023101,2.833256,-4.0633025,-1.3203603,-3.3606565,4412.063813779353,0.36156096281828703,11.367529,0.53109914,17200.658,Handsaw
-385.34338,5.7572246,-24.95114,17.09457,-6.4503837,0.9983396,-12.333462,6.508014,-9.487336,0.47406375,-4.443484,-1.5572747,-4.486925,4019.178743498485,0.32027407045717593,11.185956,0.54474145,17844.4,Handsaw
-344.15042,10.916097,-29.151,20.014486,-5.3772097,1.1861829,-13.812041,5.495075,-9.767614,1.2557184,-5.634899,-1.7823387,-4.689083,4071.215927679471,0.32352475766782407,11.315613,0.55575144,19453.686,Handsaw
-353.03293,5.830865,-38.264336,12.003438,-2.7019017,5.9220576,-9.431617,7.888925,-6.958944,2.5864806,-4.480993,-1.3083634,-4.4985366,3826.3736947476823,0.3009575737847222,11.258341,0.53424454,32308.61,Handsaw
-307.97192,-46.537045,-26.855688,25.399815,5.1364074,6.5034614,-13.885389,6.018263,-7.66643,0.78877527,-6.858932,-3.1399388,-5.3348775,5118.52322036578,0.4431423611111111,11.383111,0.5285551,36800.434,Handsaw
-348.10217,-23.811523,-23.583858,18.093254,-2.8274093,3.7814724,-6.9015207,5.4197125,-8.303061,2.2044172,-5.0329905,0.09020235,-5.504797,4882.613377520845,0.4194132486979167,11.359562,0.545776,26907.523,Handsaw
-260.5948,19.257034,-60.329655,-4.4077535,-6.1336417,7.617789,-12.422904,5.5237784,-9.018556,3.1379492,-4.8312206,-1.3997691,-3.7952728,3675.8887855482926,0.2677634910300926,11.316583,0.4842006,33344.797,Handsaw
-288.7873,14.446885,-50.301163,-6.3492193,-9.400636,5.326176,-15.211312,3.694249,-9.139032,1.5968908,-4.0827885,-1.067087,-3.43452,3767.0035320219813,0.27857349537037035,11.339638,0.4915945,28005.635,Handsaw
-526.30457,151.29385,71.727936,52.82203,14.956843,29.254936,28.66036,14.936141,9.163505,7.6975923,1.4605377,7.559933,5.017672,454.785854998338,0.015591091579861112,8.325608,0.5392336,645.34436,Helicopter
-379.7668,237.81627,33.251396,16.358751,18.790785,8.133185,8.008654,7.036808,11.901298,9.151427,5.558977,12.279159,9.231223,369.60312523959766,0.018767180266203703,8.969233,0.4737114,1491.6265,Helicopter
-318.7291,223.91142,3.2888365,19.587746,7.333425,0.6946862,12.270119,1.1433071,8.236875,9.456237,-1.6641786,11.767637,11.327904,681.5031812532233,0.04740623191550926,9.047157,0.47814572,3142.073,Helicopter
-324.83456,235.69394,13.636422,14.777931,10.084542,7.5116997,14.965548,1.1329219,4.8692017,9.52515,1.6403468,6.480808,8.403932,450.4009670220864,0.02264404296875,9.004093,0.45662585,2389.5002,Helicopter
-459.06332,170.44414,10.490126,10.976038,11.985801,9.376343,11.993437,11.434991,10.452559,6.47052,4.3040276,9.1606245,5.7518106,374.11045430038746,0.013231065538194444,8.891046,0.49377376,1001.68854,Helicopter
-292.45746,252.95534,-28.955557,13.887172,6.963917,4.48074,10.090753,-10.01381,-9.0184,1.7137016,-3.3330688,-4.0556755,0.80216074,658.538252548424,0.03772876880787037,9.538829,0.43109292,4056.17,Helicopter
-333.19244,210.84355,-6.579555,36.571884,4.8744755,-25.31217,15.391044,5.6394234,-11.667924,-3.4020345,-2.2370327,-1.0289888,-2.65967,552.9674104453475,0.025772659866898147,9.314487,0.32644856,6084.5684,Helicopter
-428.50897,216.42233,39.48499,25.615799,22.937216,17.952274,17.01718,15.910828,14.154139,7.1847105,3.6022186,10.062597,7.069422,342.38249182240463,0.01654278790509259,8.467395,0.54397064,1052.0956,Helicopter
-231.42282,217.30069,-18.444458,22.988699,7.0732393,0.5493006,6.0052166,3.588986,2.3899262,15.059358,12.547337,9.178686,3.3524327,666.5469777768734,0.02119050202546296,9.518959,0.38274714,9648.0,Helicopter
-202.10648,197.77214,-40.683193,36.489716,4.652828,4.5058866,4.274248,7.263557,14.556514,13.214829,4.8923364,4.832183,5.2174535,907.6490570004789,0.03670925564236111,9.882969,0.4051228,17841.367,Helicopter
-202.10648,197.77214,-40.683193,36.489716,4.652828,4.5058866,4.274248,7.263557,14.556514,13.214829,4.8923364,4.832183,5.2174535,907.6490570004789,0.03670925564236111,9.882969,0.4051228,17841.367,Helicopter
-256.35666,229.81868,-26.418901,41.36237,2.5652318,6.425809,-1.4305341,-4.730071,-3.4349844,2.2263625,-0.98992836,-0.24956907,0.4970583,686.2464324568152,0.029852973090277776,9.573431,0.4017659,7774.369,Helicopter
-344.7396,197.86363,14.217041,0.08042625,14.704567,8.989759,12.025437,7.837638,4.9991646,6.214654,7.4738827,7.0197988,3.787236,588.9996820999132,0.022786458333333332,8.993916,0.31326103,2035.991,Helicopter
-179.15878,231.10373,-31.586006,34.494877,-0.65684026,7.9128757,9.530548,2.7914872,11.797076,-1.2763214,-6.61916,-2.8535013,6.8344355,708.7203904133281,0.03361680772569445,9.613445,0.31667045,17683.623,Helicopter
-218.21434,254.46933,-93.24508,39.981037,-4.4377623,-18.085983,20.714052,-7.4506006,10.712943,1.7690591,-9.630782,7.7105317,-2.2876077,1030.3428322232921,0.06959816261574074,10.036537,0.3909614,23444.498,Helicopter
-274.86673,200.96681,36.6825,15.082066,26.657177,26.735542,-0.80266714,-0.07131972,2.0486383,-2.544542,1.5379083,8.228158,0.3898727,445.33031638547305,0.01688865379050926,9.130426,0.38449633,4819.3022,Helicopter
-287.89648,199.34935,51.288044,15.094115,20.478987,29.315493,11.351349,6.5642915,6.413946,3.1212509,2.281392,9.30889,11.326106,367.2791676847005,0.008366337528935185,8.806751,0.35771096,3702.2087,Helicopter
27.939249,84.17428,-9.57945,3.5032587,-33.11336,-8.301053,-9.173672,-8.999859,-19.13556,-17.125008,-16.051975,-7.22284,-16.91009,2543.9718181660282,0.1253323025173611,10.836142,0.4451347,270119.5,Helicopter
-66.20033,144.9393,-30.639027,28.344456,-13.84474,8.603544,-9.8414545,3.1672971,-9.707239,1.5583943,-6.821319,1.600827,-5.4291754,1563.347118986142,0.0789794921875,10.442898,0.42215452,86518.52,Helicopter
-22.54994,147.3928,-47.992264,29.96304,-6.539735,8.203374,-7.7944374,3.8586178,-7.815556,3.0091076,-0.18560833,6.779779,1.8952792,1609.9130371690162,0.08980305989583333,10.495744,0.43700624,150523.53,Helicopter
-258.31128,186.33469,6.2923665,39.477207,-13.986899,8.2678585,-8.454881,7.018082,-3.2659845,-4.1834197,1.9328756,5.1730413,-4.115551,765.595366234095,0.028487594039351853,9.648142,0.34177494,10945.077,Helicopter
-255.56403,176.45764,-43.262558,37.431988,2.2464316,8.322456,-3.2512593,4.800762,-7.837479,2.7098448,-3.0025702,5.7495184,3.5707483,1150.4240605871912,0.053181966145833336,10.161168,0.40094903,12778.607,Helicopter
-196.17393,109.8357,5.8497167,26.199295,-13.942076,-3.1808958,-9.330456,-0.5111422,0.66976655,7.7112575,0.0047697136,3.7334108,-2.7603743,2046.7687834899164,0.07462339048032407,10.692055,0.575696,26667.094,Helicopter
-266.18222,182.74417,-48.582275,34.509342,-10.720665,16.958963,-7.5334377,1.8430077,-5.958585,5.01026,-1.7758311,0.055806372,-4.1223135,1160.955327984111,0.06358506944444445,10.200284,0.4305613,11135.836,Helicopter
-197.56065,186.91248,-14.15152,48.892857,6.2996554,15.82791,3.3122237,4.838088,-0.40223396,5.9410315,2.8366184,-0.7588374,-3.1894176,794.9202729807075,0.02442536530671296,9.736164,0.48717415,19793.113,Helicopter
-174.00098,125.693085,-17.912386,22.822794,3.3074312,3.6383405,-0.8359529,-1.9833074,-9.686297,-1.0443664,-7.1550474,-0.65561146,-9.6233635,1618.4296044443652,0.06362123842592593,10.427231,0.47066414,27855.754,Helicopter
-204.74512,154.19193,-43.980434,21.495407,-10.94538,7.889419,-3.2111049,4.6436377,-1.4238614,-1.4724644,-5.109464,5.6752896,-7.442801,1402.0120107358698,0.08323612919560185,10.400881,0.42807582,23655.367,Helicopter
-316.61234,240.92932,-20.19302,9.902038,-3.8222086,-10.71569,4.605628,-21.008537,-2.6136627,-1.1845671,-18.215324,-5.604313,-5.9770813,665.1498412947059,0.03463406032986111,9.440586,0.40683997,3320.0383,Helicopter
-327.62695,250.5637,-6.193646,-17.448706,18.673056,4.2488265,-10.354018,4.7188654,3.92039,3.2015917,0.085649304,-0.038744256,-2.436645,705.8973229728244,0.03729248046875,9.521206,0.35342404,2361.8596,Helicopter
-286.90216,127.646355,54.524055,56.688812,24.179943,19.354807,11.197512,12.767881,8.842557,5.679718,2.04163,4.2587285,1.6420366,808.5153614484386,0.018957067418981483,8.774015,0.422973,8146.788,Helicopter
-280.13498,197.02039,28.053232,15.386054,9.35861,1.0735053,-2.9061875,4.68075,-1.2387983,-0.34803405,-1.9753387,4.0061865,-0.67268443,750.4176717844668,0.030766239872685185,9.346872,0.44882676,4694.5757,Helicopter
-253.8882,207.5596,34.75443,-7.4467497,-14.669966,18.386726,-4.001945,-4.886975,10.039598,8.024269,5.678995,10.777891,4.819971,643.8542787721448,0.022040473090277776,9.285006,0.28734383,5921.71,Helicopter
-322.00903,203.97327,-6.744489,2.8189101,3.9022245,25.882116,-14.192304,6.168518,-15.111251,-4.774064,-7.634869,-12.859452,1.1524644,857.7713193942792,0.045075593171296294,9.766171,0.61202663,3785.4277,Helicopter
-60.351254,110.632065,7.7876825,31.633114,15.935181,20.834164,7.061408,13.98719,-1.9067574,12.888195,-0.71527,0.23616289,4.7173305,1611.7039908387897,0.03728795934606482,10.132454,0.4280546,89298.92,Helicopter
-346.38382,104.00805,-0.5673581,30.670292,17.447187,22.469896,5.651327,17.375742,1.4819194,13.017799,8.341594,3.3792012,-1.0043836,1842.1824461749206,0.05340124059606482,10.564163,0.35881838,5455.4146,Helicopter
-234.58054,171.93793,65.86069,13.301893,-41.146076,23.094982,24.224365,-0.27579612,1.472858,3.4553943,16.02296,2.8703365,8.997895,849.3410918811276,0.03187391493055555,9.515645,0.45043653,13227.401,Helicopter
-557.4936,228.76335,-35.071613,0.98279756,13.278935,-11.65288,0.5463847,-3.9977405,-7.351343,-0.68720657,-6.302039,-0.022817364,-3.2723155,832.3016449088396,0.04872413917824074,9.81391,0.43918487,367.67712,Helicopter
-261.77057,172.27882,14.123128,48.502743,18.197847,18.381363,9.0847645,7.12437,0.85521543,5.5481167,-5.304107,1.7121985,-7.0644126,601.6647645142546,0.020614058883101853,9.180781,0.484706,9395.621,Helicopter
-171.90723,195.28313,-19.664175,23.433372,23.469522,-1.9093577,12.918229,9.783906,7.378202,7.7030478,3.762329,0.99851733,-1.1343133,788.6206341801094,0.028008355034722224,9.762377,0.35489738,22787.988,Helicopter
-240.97862,235.88014,-30.405827,14.4250965,30.54501,-7.517141,3.502095,-2.4051793,-0.23265418,9.390098,-2.7336748,-2.897202,1.3023058,699.7575087984342,0.03342013888888889,9.64292,0.41276845,9933.927,Helicopter
-152.05986,171.99063,-23.747053,43.934734,9.692524,7.4580836,15.107397,8.4872265,7.643356,0.7032094,6.7565193,7.2911377,4.903931,720.6880478777185,0.011567292390046295,9.284741,0.32450286,33480.406,Helicopter
-418.41928,212.12805,32.44586,10.637739,4.2966495,1.5876648,0.39571282,4.0152855,-1.0710958,0.022780105,-3.4293792,-0.7164189,-3.5788193,446.1374844192181,0.020950882523148147,8.9326515,0.34724396,962.7823,Helicopter
-291.45023,180.28732,8.466334,12.913513,-6.08641,9.92642,-4.7542725,5.8246503,-2.1277509,2.7703097,-0.015419324,5.286898,-1.9297048,920.5116614539244,0.03745071976273148,9.834327,0.43686733,4936.583,Helicopter
-195.49675,141.94832,-21.923332,6.097105,5.8034983,9.0196495,2.1083136,13.31278,-3.6764941,7.208305,0.82674605,6.3236346,-0.5876405,1519.6759719628196,0.06345169632523148,10.468909,0.4409103,18738.559,Helicopter
-305.3029,243.95016,12.220861,-5.919877,-5.3640003,2.6802816,-0.3298899,2.653977,-1.844353,1.85153,0.043129012,0.5839362,-1.9713454,622.9293199618332,0.038972077546296294,9.468721,0.41902825,2348.54,Helicopter
-89.8263,154.36006,-55.11741,18.449171,-21.955479,9.576739,-14.9162035,3.788975,-5.5338397,2.7108984,-4.7590876,3.7380457,-5.416819,1560.9273014737425,0.09602186414930555,10.478369,0.4422033,67655.73,Helicopter
-70.51637,104.051414,-20.674992,15.60714,-3.513096,9.190297,-4.411803,6.014264,-2.5293841,1.5239111,-2.520477,0.022339892,-2.21496,1983.2021723090922,0.09856725622106481,10.715696,0.43256956,116904.05,Helicopter
-237.88632,201.1651,-36.741447,19.7271,3.9888165,16.738813,-8.769277,-5.6707416,-10.971936,0.7157548,-3.6632092,-2.529567,-7.0359564,864.3191385289739,0.04911521629050926,9.86638,0.43133622,10908.969,Helicopter
-360.69943,169.37688,36.787624,-5.11721,16.300838,16.10597,-0.8649982,-0.42575595,7.075226,6.3732476,5.571289,8.050215,6.9327154,381.8710605944794,0.006806550202546296,8.177361,0.47403494,1491.0508,Helicopter
-330.00143,151.9175,45.299637,-7.809955,6.0229664,25.596533,18.190065,5.507258,6.715134,12.520042,13.075978,11.9283,11.927207,253.13771355891416,0.004096137152777778,7.624986,0.46112204,1092.1608,Helicopter
-376.80383,179.615,59.53611,35.97182,35.801826,34.54193,22.489122,10.514705,8.972807,7.202097,6.607743,8.366773,4.984394,273.5198281615742,0.010025589554398149,7.9472356,0.5064829,1621.9097,Helicopter
-371.8677,169.21992,89.19551,39.491264,31.008904,31.27291,16.328999,12.654195,8.535175,9.873243,5.4799304,3.573262,3.343445,253.35357469070348,0.01009566695601852,7.950287,0.5366763,1760.0609,Helicopter
-322.1513,170.82101,-11.128083,15.874266,-0.84031063,-2.4873579,-11.574363,-3.0772078,-11.030758,1.6484197,-5.1264396,4.771015,-3.4027028,782.699130294899,0.03742359302662037,9.759635,0.4258003,5779.2017,Helicopter
-256.88394,147.82912,-1.134065,28.990171,-2.6539876,8.756939,-4.7320786,-2.6828008,-11.452582,6.037619,-3.080163,7.0262785,-3.8226283,1247.0828552698335,0.044514973958333336,10.097434,0.43577313,10255.306,Helicopter
-241.4111,189.282,-20.881298,16.91243,3.242478,14.268358,1.5011348,7.5347605,5.1069155,-1.0760856,4.13791,8.443714,-1.4973336,838.5197162947783,0.036763509114583336,9.764832,0.4747921,10021.622,Helicopter
-238.63899,211.80455,-41.220577,23.563486,5.337521,-1.1929343,6.8780346,3.5119817,-1.2112619,4.182356,-9.288394,0.81404924,-4.003806,872.4488968429238,0.04602502893518518,9.860377,0.42909968,11592.268,Helicopter
-163.41989,193.21425,-58.79244,22.23002,-30.056395,11.067161,5.3455634,15.841425,-2.5357282,5.4892373,12.3835745,9.511724,-3.3647258,1132.8035761688004,0.06284134476273148,10.103359,0.3585477,35511.82,Helicopter
-47.227104,99.23117,-49.68788,29.774961,2.8028216,17.102623,-1.8702586,12.173837,-4.8461967,3.0044615,-6.30512,-2.8415358,-5.505509,2141.850688520033,0.12916395399305555,10.813252,0.43544242,193211.9,Helicopter
-110.598885,164.12152,-34.58437,29.18792,-40.785248,6.5642123,2.5017283,-28.629826,5.401764,-7.0333424,-28.172535,5.051391,-21.737415,1329.2036129611186,0.06181504991319445,10.060489,0.3669522,75877.53,Helicopter
-313.8634,216.16547,-7.0897026,-7.977407,3.7115505,9.435589,2.9536166,10.265551,7.240334,13.395226,9.258207,5.0488067,-4.567905,715.5750746685118,0.02447735821759259,9.777106,0.4154171,3385.6702,Helicopter
-322.00983,259.86185,-12.804067,-15.1765,5.8716984,-1.2176974,-7.0773,3.7299564,4.6555486,8.357579,10.247276,2.1596694,-7.518149,628.1654338638582,0.02977611400462963,9.500577,0.40903696,2413.8076,Helicopter
-428.42007,206.79756,122.68806,49.387154,13.070971,5.2928934,4.439744,1.6091084,-1.2079264,-2.0447996,-2.3368912,-2.5230227,-2.1503956,231.1359745364917,0.015708640769675927,8.152521,0.43680426,256.00568,Helicopter
-459.72018,134.43132,23.627514,56.704697,4.637294,12.334772,7.911222,6.434029,1.3705704,1.4541163,-2.7795613,8.390312,-5.520175,1239.4665206652116,0.05183467158564815,10.487404,0.40568802,3057.07,Helicopter
-259.71213,242.05121,-84.09615,25.591496,2.9739063,-6.5536203,4.899069,-10.486345,2.4301395,-1.7889458,2.6320982,6.7560844,2.1876497,993.7698417732892,0.052487973813657406,10.060179,0.41422722,12966.77,Helicopter
-223.27858,218.91356,-66.705635,32.067474,12.074324,2.9757946,15.817391,4.1192994,5.129755,2.267184,-1.9219253,1.1973004,1.4604546,955.5762136607898,0.05227095992476852,10.04651,0.36603466,17379.324,Helicopter
-244.4097,118.505844,48.07102,22.562939,16.82659,26.856241,8.844165,12.792788,5.207419,13.6563425,-7.3488274,12.237779,-4.018919,1255.79682283353,0.021945529513888888,9.556564,0.42175952,13832.929,Helicopter
-311.25977,225.1297,-56.640747,37.622807,-2.8860807,6.0447197,5.5775294,-2.70713,7.0626097,-5.239117,-4.2352734,-7.231773,-1.2359222,846.4616886633193,0.04457148799189815,9.906931,0.35993502,7937.118,Helicopter
-222.6997,179.15915,4.1868963,26.334581,6.93324,11.693156,1.3364993,2.8969862,-1.4471263,1.6211398,-1.7565819,0.11306568,-2.1587334,722.3821200416082,0.02789532696759259,9.842247,0.5145048,16399.076,Helicopter
-258.47818,154.59593,44.725105,26.428905,13.172307,31.450584,-2.9716265,15.481061,8.0478525,-4.032568,6.743893,1.459669,-5.224178,654.6687744073513,0.014198585792824073,9.127734,0.33603817,8633.887,Helicopter
-358.5709,269.70337,-37.83766,-9.949777,24.460318,-23.606813,-13.354924,7.2083316,6.087515,7.4687185,4.742519,5.8922095,3.2527041,718.8911024366214,0.055352105034722224,9.468238,0.33710378,3792.637,Helicopter
-378.08118,158.96747,29.095278,-12.874446,6.7157664,15.071438,1.3730208,-4.4363766,2.8088152,6.787809,4.9640536,4.9467826,6.271358,463.2651369770495,0.012446650752314815,8.66218,0.4595368,1337.2028,Helicopter
-138.0724,163.36769,-14.783716,36.371822,-8.217144,3.7509634,2.5091462,-0.31938326,-6.9428067,3.8419209,-4.209808,3.0440648,-4.1431823,1123.1356526838392,0.049895109953703706,10.101009,0.43923616,35663.24,Helicopter
-401.2469,226.04576,-39.38018,20.125801,8.624239,-10.042138,6.467761,-4.1061673,2.785077,2.6177847,-2.0595317,2.242979,-2.6565268,801.8400961796748,0.043402777777777776,9.876123,0.43863884,2343.4678,Helicopter
-393.1258,239.30783,-50.92078,14.795613,15.8363085,-10.444288,12.507179,2.5096266,4.6360283,7.0146985,0.9171093,7.3871617,2.2765543,756.8906972016215,0.03642442491319445,9.773542,0.40582588,2331.4587,Helicopter
-164.28506,153.3736,-11.384011,29.99687,-1.5712854,4.2253447,5.5589943,-1.9090952,-10.697023,7.3342476,-3.2563536,8.346205,3.4897892,1190.1337176055397,0.04309986255787037,10.16316,0.42516035,26683.045,Helicopter
-335.39783,-65.26795,-75.93879,-18.409397,-32.387794,-19.006958,-19.047209,-9.845075,-5.231979,-0.9005072,-3.7621067,0.83557564,-3.8638887,4791.824065734462,0.3901638454861111,11.328741,0.4675519,23469.152,Rain
-294.8684,87.97369,1.0125003,19.848112,11.32209,8.691898,-9.231101,1.8512022,0.95632863,-0.8244293,0.14943917,3.03072,-0.91974586,2536.3290263768718,0.11496536820023148,10.854538,0.46679032,9572.573,Rain
-237.15068,73.72439,-1.9834777,12.874505,-28.687002,-18.478941,-7.6820965,-9.908733,-10.171474,1.7393739,-5.631873,0.65250564,-4.3893027,2958.6608042132325,0.1591864691840278,11.01105,0.4573718,20161.11,Rain
-221.91849,33.69135,-23.653307,-7.5001874,-6.8502383,-17.7114,-18.09429,-12.262635,-10.923132,-4.69596,-5.284164,-2.7608428,-6.9933076,4008.1230834519915,0.2854342990451389,11.303943,0.46139005,28192.29,Rain
-311.37955,53.030273,-35.243088,-4.1012096,-21.241362,-18.713615,-10.430089,-10.7942915,-8.683107,-5.197623,-8.562507,-2.9010243,-9.934423,3276.461187119875,0.21207456235532407,11.162871,0.45992783,10677.284,Rain
-254.16296,128.12248,33.452362,33.979507,-29.63383,-11.438725,1.8069679,-3.1812847,-6.647296,2.505641,-4.932094,-1.2309244,-5.0901985,1584.936648037018,0.06036376953125,10.182176,0.46052527,11665.753,Rain
-169.45302,-6.7381387,-36.155167,7.8516936,-4.8414736,-12.598212,-19.92069,-10.14813,-17.758373,-0.7252644,-9.40986,-3.4260519,-9.162726,4498.834333360199,0.3601119429976852,11.354458,0.46670237,78319.42,Rain
-242.2734,-98.4955,-48.028614,-29.148083,-45.87731,-17.635666,-11.138365,-5.382557,6.6535716,6.8502774,2.6491868,2.199297,-1.222413,5900.58630416239,0.5336122866030093,11.328349,0.53522533,93951.055,Rain
-182.7875,-4.2833476,-49.852703,-23.657503,-45.445896,-30.806593,-29.409348,-23.92334,-19.185226,-9.800035,-9.090367,-3.4768722,-9.047283,4213.003197796206,0.3240085177951389,11.317156,0.4630425,62654.523,Rain
-225.61116,31.066545,-8.677291,-4.2873864,-7.157968,5.367608,-6.9776187,0.3085407,-13.0769825,-5.1114445,-11.919458,-4.671952,-12.5649185,4276.00705096374,0.3280933521412037,11.34214,0.4556777,29044.54,Rain
-191.61632,89.80108,25.439354,33.592667,4.639942,16.397594,-2.4044476,7.1469088,-1.6853188,4.249809,-2.8027813,3.147287,-4.562077,2355.808865285433,0.09423149956597222,10.315784,0.45442727,27816.64,Rain
-218.01804,38.264713,3.367801,32.927525,-4.0803285,20.154772,-3.969765,10.654639,2.2515483,7.9809184,-2.8350735,6.510061,-3.2952769,3858.698620428922,0.27568675853587965,11.25102,0.4598066,37164.227,Rain
-141.03485,37.89972,12.461309,5.638016,-10.797639,6.2346563,-7.7524633,3.796777,-6.2842317,1.0503194,-8.289454,3.423141,-1.5244718,4355.552570475188,0.3100043402777778,11.348863,0.45696566,70412.03,Rain
-202.31142,52.05145,2.5895631,13.051255,-0.6687935,9.150514,-6.99486,4.287761,-4.7096157,2.7211936,-6.234566,2.826659,-3.828763,3750.256957405125,0.2282986111111111,11.288099,0.4735599,33691.508,Rain
-120.74175,78.05483,-0.22218612,-4.6045804,-4.8419223,-3.3320825,-6.553925,2.4492507,-2.530235,-0.26318282,-10.487646,-2.7593584,-3.0898077,3116.237910026572,0.16186071325231483,11.060378,0.49130717,58162.137,Rain
-158.24628,60.547367,-9.6748,27.80056,1.3629274,5.705248,0.5264559,11.203679,6.4707665,10.630335,4.071039,9.341142,4.2587385,2848.0671769839228,0.0906032986111111,10.909116,0.4527244,53334.445,Rain
-213.51277,51.15363,-18.526354,9.987421,17.158892,14.772766,7.4209595,7.822122,-1.424177,0.020453356,-8.374001,2.9769914,13.856884,3448.047415553689,0.17515733506944445,11.1987295,0.52073836,35512.543,Rain
-138.1407,69.86486,-5.7684746,21.85011,26.124496,24.460403,18.357807,17.307493,3.155449,5.9440246,-4.1193385,7.06488,14.909623,2673.605559418223,0.08345992476851852,10.76642,0.500775,66076.34,Rain
-247.21242,96.21566,8.415477,26.725084,10.797692,15.276687,4.8115473,2.4986677,-5.1416006,-0.5702805,-9.382253,5.7929068,13.523249,1783.622506914801,0.04149034288194445,10.007858,0.46344006,15123.796,Rain
-329.4189,60.68627,20.226074,19.218616,-1.0493078,12.7483835,5.5511928,13.590888,3.0557742,6.5146422,-7.0095057,2.046505,0.8982435,3365.565177681868,0.14487485532407407,11.062945,0.5025437,9404.366,Rain
-365.67856,-74.93688,-2.0812948,35.91188,11.370341,15.883053,3.7197888,10.926387,2.5957868,4.3332386,-0.0043027224,6.4925957,1.6290739,5879.406618043255,0.5218325014467593,11.293274,0.45018086,21902.465,Rain
-225.79503,102.650986,0.723312,15.447512,20.783913,10.143483,9.66183,10.638204,1.7930422,8.261682,-0.88618875,4.6093407,0.64973503,2135.2054909849608,0.06731951678240741,10.47894,0.4527987,15926.467,Rain
-122.26474,-29.598425,-3.5154476,3.9452617,11.964037,10.046554,12.607844,5.8180013,7.9792295,11.061119,5.788189,8.659477,1.2168516,5772.511991148639,0.45499448423032407,11.362819,0.46976602,138173.39,Rain
-381.90915,31.577871,11.652977,-11.49113,-1.7242599,4.4847956,0.48516846,5.5209584,-0.6376824,6.938348,-0.20202094,7.4410195,-0.19232188,4829.398818828869,0.3248313621238426,11.38034,0.4771364,5867.2734,Rain
-331.91092,51.27126,7.09538,-1.3217638,-1.691172,0.8254563,3.995201,7.3480124,0.47833386,5.2919407,-0.71812356,2.5676527,-5.081228,4064.1165971242945,0.23100450303819445,11.325258,0.47725716,8102.222,Rain
-357.06677,151.4372,23.567293,7.9770856,1.9950248,8.967878,4.6778297,8.573198,-2.6200871,5.6388774,-2.9288833,1.724072,-4.0188055,1253.4131460033304,0.04192663122106482,9.909207,0.4576417,2634.3428,Rain
-257.63013,110.441986,22.359236,39.95713,14.991621,22.968374,3.223326,12.059516,-3.076585,5.3096795,-3.968182,3.801933,-4.056336,1601.4962471128501,0.046079282407407406,9.672399,0.46292627,12238.974,Rain
10.973324,74.14914,-39.103886,-5.030935,-5.8302135,9.496839,-1.4090774,1.5413454,-1.4754441,9.268602,1.3432726,4.4010997,0.4733497,2786.651632684349,0.17363597728587962,11.023713,0.45720476,229564.12,Rain
-229.35954,91.888664,7.765549,33.132977,1.0911562,18.802605,4.532883,13.79705,1.8602513,7.2880487,-1.698334,6.724753,-0.040394705,1969.496917948218,0.049994574652777776,10.301364,0.446076,19492.787,Rain
-161.66837,25.423006,-3.8972194,11.972823,-6.063604,5.4804564,1.4437013,1.1787453,1.8409384,3.973657,-0.04092404,3.6601162,-0.9525411,4288.864498851155,0.3093804253472222,11.332935,0.45650464,62331.33,Rain
-334.25583,54.471313,22.189306,22.825838,7.3530793,10.73416,2.4715168,1.6633699,-0.59386486,3.5735273,0.20622626,2.6619768,-3.6651661,3647.532911373211,0.2005954318576389,11.116248,0.45572937,8450.4795,Rain
-10.388957,81.52031,-30.081907,0.844893,9.659581,2.5433848,-4.839573,8.304644,-5.5115747,1.3952028,-3.8722732,7.5871096,-2.4997747,2750.69336742527,0.1669017650462963,11.003923,0.45991677,186037.61,Rain
-48.446243,96.786125,-25.230234,0.013699002,5.9491906,-2.96472,-6.6243324,5.7170496,-10.319029,0.9870401,-4.952837,4.784144,-6.527137,2450.0359371080413,0.1379055447048611,10.8848095,0.4572437,109893.85,Rain
-58.490677,116.12568,-33.33056,9.916078,-5.2411194,5.440228,-16.291922,5.147239,-3.9738467,8.873731,0.13576311,7.9140444,-0.86371726,2021.568270164273,0.10798927589699074,10.751976,0.47991318,101720.516,Rain
-49.805656,82.65489,-24.977945,3.6876664,-8.01193,12.907582,10.015655,-1.395237,2.021398,9.453648,0.9954368,0.58021885,7.257354,2605.1285993048687,0.12855586299189814,10.906824,0.45216626,117668.28,Rain
-95.06024,56.267796,-10.363611,-9.775818,-8.966699,-3.511007,-1.4029547,3.387933,3.1090143,3.4427626,-2.6505833,2.4995196,-0.6630929,3562.485027884158,0.18453188295717593,11.192011,0.45909575,81765.73,Rain
-275.29578,122.28822,11.922931,-3.614027,1.3044333,-5.936083,0.73001736,-5.7355247,0.6156418,4.7987432,-3.1110332,3.8034391,-6.1244316,2004.4707040058847,0.08122649016203703,10.559953,0.45020607,7041.8057,Rain
-335.70724,65.99535,24.203445,48.88513,23.51171,10.317259,18.680216,16.76198,8.926978,9.92304,5.007702,9.759053,2.0421395,1885.8514659581167,0.023828577112268517,9.697951,0.44757563,8036.104,Rain
-363.75354,89.50063,31.788967,52.6572,23.413855,10.702967,19.983438,17.364353,8.7298355,11.507865,8.428387,8.355766,-1.1287397,1365.0978243735897,0.018654152199074073,9.470607,0.44537088,5033.703,Rain
-331.31854,132.14316,-32.71124,28.403957,-4.5569487,4.4478097,2.3907893,2.733431,3.3501825,6.9065666,1.832464,-1.0128304,0.39583966,1528.4974861676048,0.056233723958333336,10.343632,0.46639937,6336.965,Rain
-350.43893,130.54535,-31.685946,30.293356,-6.465401,8.491194,5.75809,0.6336146,2.6627939,5.4883423,1.0025269,2.3648567,0.45785096,1490.38603232091,0.04500551576967592,10.23594,0.45702037,5185.6006,Rain
-197.41893,102.227974,6.3550954,29.57302,-3.625382,11.103902,1.8447587,-3.5161946,-2.35692,-3.160916,-6.4134374,1.4164691,0.3386736,2169.413457606987,0.09919795283564815,10.435961,0.47480714,24306.55,Rain
-339.32812,85.00883,1.6101426,34.97016,14.298776,14.771979,12.22849,15.022993,4.7728443,9.649355,-2.446994,8.131217,0.46776092,1893.6192216336183,0.008926956741898149,10.663989,0.36019945,6626.713,Rain
-290.59763,97.077095,4.346615,41.935894,5.3105426,6.0432825,3.2913244,9.6619625,1.0922304,6.4937654,-5.609133,6.5085144,-2.5116594,1877.7627476692217,0.03516981336805555,10.572389,0.39303032,10769.638,Rain
-483.99942,105.09742,8.67428,24.408401,9.260261,18.877243,-0.6863403,2.9820967,2.5263808,0.05192128,0.5618018,1.5874166,-3.8256352,2044.9631993541343,0.06299280237268519,10.731794,0.46463558,1465.9137,Rain
-173.87581,89.82671,-39.19593,3.3240876,-7.9200788,8.956399,0.9856032,6.2135534,-0.5227391,6.4725385,-2.72839,5.5105886,-4.904272,2459.6758442070977,0.1475513599537037,10.922881,0.47430265,35120.707,Rain
-175.86296,94.39457,-33.486008,5.758974,1.1654341,7.9648733,-1.9556618,1.7502233,-1.2722269,4.5906134,-1.3562688,7.8239374,-3.3107197,2353.7972091316883,0.12711814597800927,10.845041,0.52526385,35020.316,Rain
-321.39426,93.770546,16.95326,-9.120699,-6.845703,12.494768,6.020129,13.104388,4.0504875,6.989386,4.9697933,8.208871,1.3117981,2664.9122163915868,0.09712049696180555,10.915342,0.4620086,7079.7207,Rain
-383.5063,134.3647,17.511793,5.170932,7.196284,6.525831,3.6680882,14.997174,9.90153,9.077037,3.0728962,8.471746,-1.5666133,1426.708798486431,0.03608081958912037,10.178259,0.45473087,2646.6409,Rain
-330.2765,98.557434,5.6985936,-3.393249,2.3448124,11.241029,6.69638,12.065857,5.016373,11.9982195,6.7847776,12.175245,2.5696015,1999.8595772237502,0.04014756944444445,10.412655,0.501431,6359.8857,Rain
-235.52434,69.53887,1.7367438,-12.132299,-4.626631,12.936507,5.993386,6.809095,5.243648,9.843923,1.6522712,4.1157837,-1.2531838,3230.723640599014,0.14189317491319445,10.967757,0.45662212,16952.096,Rain
-261.88586,87.74525,-22.442898,-0.9299634,2.065384,9.331824,7.856852,2.3612597,9.208651,14.265882,-0.16175118,8.820479,13.157871,2550.927330359118,0.12483497902199074,11.021221,0.51177627,15103.934,Rain
-32.707985,68.067,-12.249885,11.505179,7.6473503,0.69221765,2.879449,4.705952,2.165991,1.4488623,-7.20723,-1.5257347,-1.7487506,3180.028785020309,0.1897243923611111,11.134344,0.45338273,153198.39,Rain
-213.82225,104.91031,2.627751,17.857365,4.402396,17.197086,7.6376925,7.061736,7.8184733,7.921399,1.3938024,6.4808097,1.7599444,1770.4308017537264,0.03192138671875,10.1918,0.42528766,17935.004,Rain
-126.78872,55.09555,-26.846804,0.37469846,-3.7554853,1.3689468,-6.1348286,-1.9755701,1.2607439,0.9075549,-1.6999741,3.2301397,2.2574034,3315.078666732887,0.20594618055555555,11.170298,0.4552637,72058.76,Rain
-368.25018,51.091354,-21.193323,-0.37131494,-6.6477695,-5.695365,-1.0576067,1.708519,2.4800954,4.0737033,-3.4349582,2.098022,-3.3936603,3609.8646043183917,0.24497929325810186,11.282327,0.4666143,5777.758,Rain
-5.7195253,62.348064,0.65165114,20.298841,9.730776,15.042982,0.12583807,8.200924,-3.3765326,6.7511578,-0.09796673,2.2146363,0.28030545,3173.1451224761527,0.14772542317708334,11.070059,0.44811544,221487.56,Rain
-38.108326,57.923965,4.133988,21.131441,9.81025,15.268086,1.1171658,7.640354,-2.4901443,7.135194,0.1377282,2.9579146,1.8346564,3312.6137071093262,0.16083215784143517,11.089708,0.45062175,164384.72,Rain
-303.99472,64.7265,-7.0005198,8.274959,-16.716162,0.1555832,-19.246147,-10.739457,-19.597267,-7.6810474,-3.3450532,8.055071,-3.3565965,3080.337929109869,0.1558159722222222,11.0931015,0.44683012,11004.085,Rain
-314.53314,29.373564,-47.38437,-0.36605588,-21.450039,1.2218094,-14.6510935,-5.0171685,-12.750777,-6.1870694,-9.076522,0.21778665,-11.719468,3633.154280683566,0.23974157262731483,11.23275,0.48875758,14467.37,Rain
-266.67453,70.53079,26.80546,6.2496247,24.544607,11.533185,8.779899,18.736652,11.625167,5.4306774,2.5253668,-0.48642942,-2.2093825,3352.5434864676563,0.12111409505208333,10.927376,0.49417832,14433.269,Rain
-316.5823,113.08008,41.020645,36.49526,14.682046,12.947838,14.719562,8.066324,5.6375923,7.1474724,-0.44750306,6.1077404,-0.18508032,1374.058278702068,0.028112340856481483,9.673891,0.45466617,5914.4644,Rain
-252.44756,-47.056587,-83.74432,-3.231098,-24.042692,2.8899279,2.2010844,-2.3947573,8.221418,2.384242,1.0791256,9.885797,-3.6704986,4262.616391576591,0.34538890697337965,11.211106,0.4554388,52836.156,Rain
-61.25471,-2.8180282,-15.026961,-12.451608,-24.350243,-9.049123,-14.302861,-6.7430058,-10.777416,-6.8564777,-6.584882,-5.2763786,-7.142256,5013.187712618189,0.42881718388310186,11.412422,0.45877862,210843.52,Rain
-120.548965,71.98995,3.6736243,34.210987,2.703961,23.184868,9.547301,15.901973,4.155498,12.218734,4.559748,6.7607584,2.848338,2793.540393172747,0.14207401982060186,10.489039,0.5207799,110519.875,Rain
-479.5094,74.77133,5.211701,22.480656,17.303326,23.060448,9.406904,13.460433,7.9437804,21.391552,8.495107,12.547795,5.7983155,1270.9443126985882,0.012403700086805556,8.332833,0.47700092,1578.3048,Rain
-185.14046,23.786516,-42.057755,-2.982909,-8.954101,-6.9056454,-6.2210236,-1.0445753,-8.419938,0.6848545,-8.429038,-1.1238065,-6.935114,3886.395938325876,0.2850025318287037,11.290839,0.4517933,50047.203,Rain
-198.69127,79.390625,-24.45436,4.61973,0.01567943,-5.0091076,-3.713164,-2.7583866,-10.617149,-0.25809476,-5.7809205,3.7998598,-2.5951889,2828.4293216635688,0.16502323857060186,11.052791,0.45551312,27274.424,Rain
-287.2904,148.52542,-20.097448,25.867786,-12.296636,-5.9769716,6.117604,-3.8765466,-14.355912,1.0832013,-6.0476856,-4.5180483,-6.123065,1481.3210027697098,0.06847918475115741,10.420353,0.4752781,9146.088,Rain
-272.6091,55.191578,-16.176908,-3.0622437,0.34001726,-2.6743186,-1.7928376,3.3569043,-4.294884,3.728163,-3.7868073,2.7930853,-3.6456869,3609.629233571613,0.21842900028935186,11.243383,0.46095234,14591.161,Rain
-197.97626,125.86462,-3.7108204,11.289099,7.588334,8.327512,-3.0159624,0.7304711,4.4199724,9.870734,-3.6982713,-1.7307549,-3.7105825,1736.6358805514037,0.06957329644097222,10.4982395,0.47581878,18906.672,Rain
-243.88551,132.9688,15.497552,25.823423,17.558786,14.841216,-0.1750152,1.808772,3.5258467,9.695916,-1.1603204,-0.021041932,-3.740326,1353.1037480100656,0.037812409577546294,10.130001,0.46231115,11047.336,Rain
-490.54663,148.7031,-27.495348,31.334133,-8.7853985,2.175582,-10.809826,1.1544173,-9.281111,-3.65901,-3.0142848,-2.9976053,-4.657931,1497.908520180118,0.06832320601851852,10.4631195,0.48834544,1320.8822,Rain
-262.60287,71.97536,-16.205566,-2.0681784,0.37555206,20.670614,4.7793283,8.293996,-4.239887,4.5218596,-5.091228,-0.8934075,-2.205735,3085.4932104689447,0.17519124348958334,11.057762,0.45895985,15714.451,Rain
-265.36136,22.53898,-21.360405,-4.616382,-16.238575,-0.14042841,-9.722254,1.4034017,-0.80695844,2.0608912,-3.3101542,6.335177,-7.2401786,4332.555622228644,0.34151656539351855,11.35637,0.46892175,22187.66,Rain
-446.48914,163.95798,32.05937,19.254236,-7.3027472,17.473738,18.017603,15.526444,4.029911,8.382054,3.2149827,4.0514355,1.9064444,809.9966593084478,0.018570511429398147,9.555637,0.44989547,1143.37,Silence
-448.3114,176.21373,36.720024,17.126226,-5.965548,16.081932,15.511049,12.516247,2.6993961,7.2104053,1.1757872,2.4829042,-1.2247055,729.9550191968214,0.01965105975115741,9.365384,0.43210825,911.09937,Silence
-395.53003,50.606167,4.1899905,35.668427,-13.974614,18.850834,1.5511701,7.0628266,2.8721893,1.8790591,-2.7084062,1.9221765,1.3859026,3558.8611427515893,0.2633463541666667,11.140162,0.46228358,6390.424,Silence
-319.2848,101.41227,24.820396,21.616135,-1.4761604,18.892923,-4.494674,8.415948,-0.61263233,6.579916,-3.0440598,5.9884515,-2.0024545,2109.9175610281427,0.06676115813078703,11.063484,0.49348706,11467.483,Silence
-337.3496,99.88979,35.227493,17.901003,-5.796848,16.894655,-3.252824,8.784698,-1.2588738,3.697113,-5.3865314,3.343169,-2.9609513,2270.8842319078362,0.07363100405092593,10.65283,0.46583965,5971.908,Silence
-329.82242,117.08726,36.6188,14.505491,-3.5664291,18.019182,-5.940842,5.8588204,-0.9476052,4.0583797,-5.195559,4.120864,-3.3866334,1853.783975929449,0.05525037977430555,10.387257,0.45907724,5361.562,Silence
-374.626,105.08467,29.207674,13.937373,-2.2714238,20.225327,-4.8660007,7.3824134,0.30672264,3.8279786,-5.6249275,3.317271,-4.3797717,2164.061176511855,0.06798638237847222,10.660259,0.46127293,4690.851,Silence
-587.8011,85.94705,14.20815,-5.923504,-11.404058,-2.29096,-3.1955256,-1.4005449,-5.7780247,-1.8203119,-5.852773,-0.9965308,-3.2347596,2894.9780034925006,0.1372951931423611,10.967669,0.42856163,414.982,Silence
-609.1742,76.077705,17.261219,3.3114827,-8.060321,-4.5750585,-6.025864,-1.7482772,-6.133074,-2.1248143,-4.834097,0.3413119,-3.0976307,3030.3339127860327,0.14280418113425927,11.018886,0.4357558,418.51434,Silence
-588.1059,83.1579,14.588309,-3.0731478,-11.359881,-3.8752956,-5.3172116,-2.2119954,-6.8350368,-2.6687872,-5.3229914,0.8059642,-2.645686,2954.562925231576,0.14182535807291666,10.9877615,0.43660742,432.57773,Silence
-585.1751,84.042435,13.740569,-4.268792,-14.453455,-6.718232,-5.4234934,-0.9359311,-6.822397,-2.9308286,-5.1075926,1.5718437,-1.3463038,2900.163012599445,0.13402190031828703,10.85224,0.4377219,443.37082,Silence
-582.7784,84.58021,19.053417,0.86964744,-13.0629635,-6.6792297,-7.1450124,-1.6124045,-5.561939,-1.1448203,-4.9119287,0.23573202,-2.8522916,2871.3708212732267,0.13630732783564814,10.814066,0.4401986,461.41214,Silence
-602.45966,85.71284,24.047014,3.6549032,-10.28994,-8.689382,-11.871867,-7.0270305,-9.376946,-3.2325976,-5.65816,-1.2160295,-6.382195,2812.1165445362385,0.12096715856481481,10.871311,0.4310018,372.31888,Silence
-600.81,87.61557,25.458654,5.6985617,-8.167122,-6.09952,-9.867843,-5.51778,-9.00312,-4.1028404,-6.736422,-2.2823496,-6.3792076,2743.56326020938,0.11500605830439815,10.84368,0.42908645,374.18268,Silence
-598.2042,90.01201,25.51789,3.9515355,-9.6891,-6.9121523,-9.732056,-5.245933,-8.819856,-3.231635,-6.059671,-2.2229745,-6.505328,2700.3030074306707,0.1135547779224537,10.828438,0.43095803,373.93277,Silence
-618.66565,87.768,23.584547,3.1011205,-8.624688,-5.6702847,-8.927236,-5.9789863,-10.283852,-6.564875,-8.618671,-2.9217615,-5.423516,2560.9808554725723,0.10163257740162036,10.769344,0.43487287,360.62802,Silence
-613.45355,87.859726,24.463577,3.7247863,-9.691931,-7.7076764,-11.183734,-8.069744,-12.17055,-7.0884037,-9.220385,-4.1911335,-7.3197136,2548.336455988077,0.10144947193287036,10.766747,0.43316886,364.42148,Silence
-415.5659,128.5965,20.685442,34.4387,10.424516,10.487622,7.0584345,8.092256,-0.94961625,10.038887,0.447926,2.469958,-5.5288277,1398.7752205455192,0.04666702835648148,10.283516,0.44261935,2929.8328,Silence
-435.38586,146.38506,43.941334,12.943621,-1.6816565,7.2061353,1.7013624,9.291543,-1.3806971,7.0010886,-1.9371085,5.5718303,-0.65767133,1243.0584782267936,0.04626012731481482,9.8940735,0.41261688,1392.5798,Silence
-419.24356,141.22365,24.856716,23.491793,8.386434,2.6261246,6.6808157,16.343817,-4.271274,2.0573251,-2.019343,7.8197794,-3.6882405,1307.0253154330185,0.05206298828125,10.0823145,0.437282,2350.3096,Silence
-432.24588,146.11238,32.643063,8.949097,-4.5414505,0.48325884,-2.8631542,5.491879,-4.749377,-0.038559243,-3.3837721,7.7879786,-2.0433996,1308.9473772291446,0.052112720630787035,9.976122,0.38411602,1534.1522,Silence
-441.79773,145.62059,47.202007,7.47761,-9.046845,1.6858972,-1.4219264,5.124329,-6.199636,3.7942178,-4.1022377,6.0798535,-2.4854956,1285.7419181808332,0.048502604166666664,9.750876,0.3735982,1192.3118,Silence
-439.4394,140.11116,44.135883,15.372984,0.5151763,-0.61185104,-4.0063534,5.694154,-4.5668364,7.81178,-2.7864535,7.4689794,-4.659287,1373.0922528675253,0.05403871889467592,9.9504795,0.40245694,1424.6257,Silence
-443.22165,141.53107,37.85287,13.6015215,-0.03557728,1.4650143,-1.138474,6.8705263,-1.2823129,4.8757625,-1.6336867,7.2360625,-4.0951014,1301.914378593052,0.049008969907407406,9.993345,0.4011579,1424.4232,Silence
-452.40762,139.1697,48.820206,15.449788,-1.4790998,2.394853,-1.119063,6.8559785,-3.662239,5.934232,-3.2842283,5.985919,-4.592579,1341.7769219089043,0.05032687717013889,9.825495,0.40751702,1211.7688,Silence
-453.92297,136.85902,49.34934,13.299232,-1.8186368,3.4804902,1.499188,5.5396953,-5.6731477,4.795245,-8.0212965,7.11745,-5.462625,1402.5363899921388,0.049531159577546294,9.819664,0.38585952,1221.6512,Silence
-455.94125,138.31949,44.695602,12.504675,-2.7043457,2.5166762,0.62026554,6.4175134,-2.5343091,4.324637,-2.68806,4.4779367,-2.2821705,1370.75570281843,0.047191478587962965,9.923143,0.40786844,1093.5789,Silence
-496.37366,214.87137,47.55366,5.7105145,3.7822988,9.976396,1.8113748,1.4317737,-5.2772226,2.2081194,-0.12372342,2.045952,-0.8098187,500.1140335640023,0.021398473668981483,9.194138,0.4501558,354.55194,Silence
-495.39886,218.87558,49.523575,3.072779,1.900749,10.123031,1.1162864,1.2198195,-3.627751,1.6580064,1.0240334,3.0844698,-1.388768,486.0426955015734,0.020636664496527776,9.167922,0.45231825,343.79565,Silence
-491.03717,218.09805,51.697918,3.1373231,-0.0630874,12.761979,0.7236132,-0.27368608,-3.7165003,2.6391363,-0.98953795,3.0680735,-0.484259,499.88080911888323,0.02154314959490741,9.202894,0.45481625,374.7222,Silence
-478.5811,203.99532,50.625805,8.342424,-1.2879182,11.072523,0.6262769,2.7492688,-4.9454956,2.7996876,-0.4304377,2.999358,-2.1098392,575.5152156483085,0.022501627604166668,9.317613,0.45279363,538.01953,Silence
-465.08267,191.3411,45.54526,17.780458,0.5531215,8.310551,-0.85442954,6.5713253,-4.1573935,1.2228979,-0.88293827,6.163345,-2.5657382,646.6374359420346,0.023471408420138888,9.44503,0.4566073,801.47626,Silence
-482.25327,209.36946,40.558487,15.153467,6.009372,3.4598296,3.5886173,6.2510886,-5.2244573,0.6113945,1.3112009,3.2915668,-0.063035965,507.0994650048967,0.019813820167824073,9.205626,0.4540612,521.5182,Silence
-488.6995,215.83148,45.803875,7.1667256,2.732105,9.965345,0.6352204,0.65988135,-4.848966,2.35452,-1.2421969,2.7050297,0.13860886,497.2740446423432,0.020399305555555556,9.230556,0.4481261,398.2439,Silence
-494.0763,211.54213,40.259537,11.540272,5.1959596,2.2262912,0.44507506,5.7979727,-5.6157675,0.10284975,1.3461044,3.4313443,-1.0668694,536.4980287008048,0.023247612847222224,9.231871,0.45443648,455.66623,Silence
-475.6071,203.36354,45.58364,14.940837,1.9678276,5.105851,0.38579315,4.543773,-4.1533217,0.5639794,0.6173367,3.6694543,-0.6456032,538.8458082224698,0.020225242332175927,9.212389,0.4560304,561.56195,Silence
-462.18085,184.04881,47.981426,14.370004,-2.6204932,9.956889,2.0047245,2.6975803,-5.799313,2.0792913,0.010381769,2.7974203,0.28905097,749.5582983515413,0.028071650752314815,9.830081,0.45893312,1148.3113,Silence
-560.4034,42.093773,49.604427,-10.434187,20.714998,11.980312,13.986518,16.774052,-8.873855,19.462904,-3.6649764,12.455462,0.43194002,4840.956627784865,0.23314299406828703,10.9850855,0.45274374,959.0917,Silence
-563.9708,41.416348,52.054787,-9.378284,21.667784,12.051556,13.027883,17.252151,-7.9620767,19.83158,-4.282923,12.454441,0.6737236,4838.293518690044,0.2255881980613426,10.951693,0.45328423,950.60095,Silence
-554.0087,41.729004,48.14282,-14.092823,14.619111,16.720049,16.622839,18.646824,-7.174564,13.984819,-5.917103,12.230517,2.7938044,4736.2103957548325,0.2136863425925926,10.992169,0.44634286,1022.5469,Silence
-562.29,41.772022,50.18249,-10.016435,21.128183,11.401582,12.256104,16.773745,-8.214255,19.121862,-4.702627,12.143096,0.90385973,4881.572065015368,0.24658203125,10.979772,0.45292133,951.9618,Silence
-562.60406,41.08875,50.56827,-9.77914,21.471743,12.410397,12.289689,15.859386,-9.249985,18.729729,-4.2499113,12.424388,0.6301563,4883.421417628568,0.24964509186921297,10.978383,0.4535643,950.7296,Silence
-562.02124,41.518677,50.249947,-10.033022,21.494804,12.273255,12.459248,16.078455,-8.729694,19.772415,-3.9427485,12.275379,0.22283028,4867.556666179795,0.2452053493923611,10.969363,0.45260257,955.0384,Silence
-561.15247,42.00615,50.543842,-10.385163,21.191471,13.244274,13.331719,16.938894,-8.684008,18.456783,-4.3989043,12.295994,0.34485912,4803.724780945649,0.2259837962962963,10.954958,0.45288077,960.23145,Silence
-560.7457,41.684414,49.631023,-10.163199,21.487045,12.632927,12.828197,16.684175,-9.236749,18.476486,-4.1115084,12.7242985,0.11980548,4869.1226029070285,0.24192979600694445,10.979615,0.45240483,967.8198,Silence
-552.5876,46.52127,42.42906,-20.122026,20.41401,20.802015,19.890368,14.870488,-15.223617,15.457989,-2.2709918,16.533535,2.6830242,4633.408144124217,0.2239967628761574,10.951138,0.45280325,960.96704,Silence
-561.2864,42.334316,49.552464,-11.364635,20.86588,12.79618,13.782335,17.320988,-8.936576,18.845556,-3.8022366,12.436385,0.24695012,4802.8516518313545,0.22890670211226852,10.955229,0.45125508,952.34863,Silence
-339.38846,113.17166,25.549402,24.21094,9.850222,10.202757,7.302533,9.090804,3.2374663,4.410517,-1.1487418,6.566009,1.2473671,1713.475877722494,0.04556613498263889,10.240501,0.45298174,4849.7427,Silence
-342.76465,108.44267,26.477343,25.522104,9.575643,8.904586,4.544862,6.7941284,1.9737344,4.86208,0.785931,7.1073737,0.4111141,1828.2657083607965,0.048807779947916664,10.307138,0.45385385,4740.6396,Silence
-346.18814,108.91563,28.356346,23.404778,9.254156,9.672271,4.1448145,7.137189,4.0445347,5.9995413,0.14962934,7.027483,1.5925387,1814.4190013039752,0.046563042534722224,10.265975,0.44783714,4417.4746,Silence
-379.02817,106.01398,24.854898,16.96365,6.6902623,9.951635,5.7005763,7.804267,4.112949,5.808831,-0.9372461,4.406033,-0.14667547,1624.447077865528,0.046049895109953706,10.259731,0.45428687,4036.115,Silence
-356.59244,109.44294,30.786814,22.303577,7.954819,10.247068,6.1774497,8.687265,4.5692344,6.2989535,0.04330566,6.2992363,1.0428724,1728.5967915893432,0.043895580150462965,10.137108,0.45205337,4227.405,Silence
-339.78027,114.189415,26.55092,18.822742,3.8588886,6.4208474,4.7437196,7.6200366,2.9180574,6.06717,0.37670067,7.3829694,2.3211794,1799.8681185191135,0.05100052445023148,10.313141,0.45045072,4469.4487,Silence
-342.2806,115.58966,30.849112,18.667042,4.5250187,6.992763,5.457965,9.492473,2.4681776,6.087626,1.0193063,5.945713,2.246267,1734.124961329676,0.04476363570601852,10.2210045,0.44979233,4272.9,Silence
-343.6655,116.3165,30.70337,14.111576,1.219416,6.7719507,5.278434,7.4348226,0.78743577,5.201371,0.5309951,6.396192,2.8116755,1791.2288433214298,0.04902705439814815,10.296911,0.44558507,4056.9368,Silence
-368.06,106.74717,29.308617,18.248295,4.5222135,6.404401,3.7439356,6.6827703,1.3793997,5.9547844,0.8504979,5.2086797,1.0820849,1820.0210218353484,0.051197193287037035,10.32546,0.45547277,3976.7844,Silence
-369.82642,107.07421,27.491446,15.1658325,3.3143823,7.4122987,4.424819,6.5149407,0.7104401,5.3550253,-0.15858711,4.0521665,0.56962764,1803.6433295635911,0.052449544270833336,10.349749,0.44795895,3909.1018,Silence
-366.2526,113.53325,9.027082,-1.5592219,-2.9380147,9.077775,-2.7912824,8.513379,3.3518696,8.579127,0.5212139,3.496478,-2.5709484,2095.8235272731795,0.08562554253472222,10.632969,0.4510439,3347.9504,Silence
-358.02322,116.49289,7.90702,-0.12391744,-2.5021067,9.325866,-1.5067316,8.165648,0.97432595,7.214362,-0.315185,3.1822724,-2.854484,2024.0061464071998,0.08509205005787036,10.611372,0.45237893,3567.124,Silence
-350.6137,120.29778,8.724151,-0.6855004,-2.9189818,8.383928,-3.5030959,6.9009333,0.13726956,6.895119,0.47601512,3.6034448,-2.7546527,1950.0414866075475,0.08008038556134259,10.577114,0.44717473,3609.9185,Silence
-372.57367,116.12786,3.8819292,-1.4875153,-1.5454144,7.348377,-3.6268463,7.081073,0.62538695,6.833853,0.38504282,3.463859,-3.5758295,1898.7631905132973,0.07984754774305555,10.586546,0.45319366,3576.9866,Silence
-357.06876,120.37021,0.7664275,-1.6892813,-0.36256042,8.202128,-3.3048627,7.891425,0.7068756,6.712442,0.80876416,3.6739697,-3.8838243,1867.3635100762633,0.07859519675925926,10.562214,0.45393935,3847.4705,Silence
-332.4403,127.989296,-3.0742767,-0.829083,-0.5870319,6.3614583,-3.8529947,7.6166697,0.6703224,7.4987173,1.0239509,3.5591524,-2.8454685,1770.869236031034,0.07679805049189815,10.510415,0.4526775,4462.9937,Silence
-313.6932,123.59911,-11.569569,-0.18369466,-0.72227204,6.788137,-3.3416245,9.729153,2.7406101,9.104033,0.02108436,1.0274328,-5.0594697,1875.6928956180982,0.08866373697916667,10.608597,0.45007885,5460.5654,Silence
-321.23206,123.72394,-7.5611224,-0.6418591,-0.7818296,8.254874,-1.2248555,11.082044,3.1446047,7.3004446,-1.9217179,2.1164107,-3.135315,1870.0143200897087,0.08276593243634259,10.5988865,0.45008454,4964.6094,Silence
-626.521,-34.669704,58.766014,-27.65254,27.924883,-15.645553,9.01673,-5.8590674,-2.8042784,-0.7457137,-1.4272176,-1.3341647,-1.0225008,8336.296327529633,0.7910178855613426,10.760975,0.4686846,763.89215,Silence
-642.1531,-33.9827,58.979496,-27.548006,30.695503,-17.854345,12.183107,-5.280434,-2.0655274,2.3469336,-3.2684855,-0.40952605,-3.948556,8394.234240936732,0.7944109881365741,10.668048,0.47250313,642.30225,Silence
-681.24634,-33.575527,50.37961,-24.6114,25.650536,-13.499494,9.4678,-4.349933,-0.6519349,0.93519175,0.46056208,-2.4341943,-0.82859427,7627.9958711632235,0.7222877785011574,10.721024,0.48185655,645.24896,Silence
-631.42505,-31.563377,58.143204,-27.88929,28.674355,-18.065342,12.444554,-4.957386,-1.6054378,2.0870917,-2.9222867,-1.780898,-4.6599693,8358.077149840874,0.7980504918981481,10.69333,0.47082576,677.3166,Silence
-631.4398,-31.557997,58.146114,-27.87657,28.677517,-18.069136,12.4403515,-4.974165,-1.6115159,2.0807416,-2.9127564,-1.7911814,-4.6663513,8358.06021459351,0.7981770833333334,10.693274,0.47086126,677.1699,Silence
-651.52924,-35.12502,59.63262,-29.006767,27.62595,-15.737682,9.467291,-4.547358,-2.3377507,1.1963282,-2.554883,-0.4351234,-2.2806602,8367.07497120226,0.7917344835069444,10.660024,0.46741024,700.69226,Silence
-628.3042,-37.10989,57.690228,-27.77936,25.720415,-12.882908,8.107575,-3.9874792,-2.5598834,0.5510177,-0.53592247,-2.6335537,-0.6545611,8322.764449129147,0.7979555483217593,10.710251,0.4686464,774.6671,Silence
-635.7422,-36.30808,58.13276,-30.096899,30.121721,-16.577188,11.365264,-4.628718,-2.8150449,0.999782,-1.2964416,-0.9036224,-2.6185558,8426.127273231847,0.7999516239872685,10.660696,0.46947637,689.241,Silence
-368.6951,113.39633,15.844244,-0.58501536,-5.7502894,9.004528,-2.7023616,8.166578,2.5865872,9.507118,1.2626251,3.5018218,-3.1055162,2099.973748882915,0.08135082103587964,10.617233,0.44750926,3168.294,Silence
-376.3769,107.738785,26.433117,4.3297663,-6.828018,8.881649,-1.7418141,6.695057,0.030555848,7.636826,0.8237727,4.216419,-2.253329,2229.815864092793,0.08585838035300926,10.628155,0.450346,3126.8215,Silence
-269.052,99.35231,-42.285004,-11.7193165,-22.630041,-22.07838,-8.747841,-3.8121207,-6.910779,0.8121646,-15.466966,-6.2003016,-7.1103187,1657.1886066186894,0.08769169560185185,10.384549,0.46168056,60065.055,Speaking
-176.18553,117.064384,-62.563034,-8.757919,-25.657398,-27.886068,-7.449029,-11.023851,-15.110448,-2.6077013,-17.494617,-6.43786,-6.5544457,1756.1310763662825,0.10329635054976852,10.38746,0.47373044,62806.207,Speaking
-362.7998,140.95497,-22.856874,16.076805,-5.694706,-6.49093,-15.629702,-10.9219475,-19.999634,4.0255604,-9.274558,3.5525374,-6.5021977,1524.6547904338033,0.07084147135416667,10.31548,0.44995064,4555.0674,Speaking
-167.04169,86.50744,-6.3648996,38.417843,-23.071632,8.78893,-5.807905,-5.028882,-9.295701,1.6570829,-10.078221,0.49341577,-4.8860354,2601.2963690796105,0.14949092158564814,10.95072,0.49495023,51539.504,Speaking
-148.97244,121.89227,-31.134287,-9.977259,-17.402807,-26.397446,-23.20685,-17.941338,-22.821062,-12.178987,-18.411146,-11.589058,-19.528976,1695.7878907261254,0.07617639612268519,10.413841,0.47289008,33935.508,Speaking
-201.1497,153.8268,-32.371136,6.4191413,-1.574582,-5.337301,-13.284346,-8.011913,-14.413062,-1.5404015,-8.098329,-3.9536417,-10.267658,1383.575827567782,0.0720486111111111,10.279184,0.44555393,18221.209,Speaking
-176.6239,72.50524,-30.74579,3.4938183,2.3135207,2.15061,-2.1652944,3.822027,-6.064853,2.1343615,-3.7954729,5.875233,0.8385068,2816.869472161751,0.17923538773148148,11.0089035,0.4777262,39694.207,Speaking
-168.65613,108.65775,12.262748,16.168728,9.372527,9.494965,-1.3663415,9.056225,-6.0496545,7.3649416,3.89115,5.1762457,3.4021425,1904.5594122284945,0.06504991319444445,10.406217,0.5087261,29545.154,Speaking
-225.34647,119.86592,-14.100987,28.394821,1.2190286,-27.53578,0.37080896,3.678365,-35.471996,-1.6637033,12.314104,-21.126528,-9.741963,2125.6339321941905,0.19281910083912038,10.104473,0.48035944,57598.47,Speaking
-363.37738,108.417496,12.949744,5.7497272,-5.597595,7.8594584,-14.933943,-4.691862,-2.8143113,4.1842766,-0.9912732,3.4459362,0.9626174,2014.225974626589,0.09355107060185185,10.501476,0.5861421,8834.732,Speaking
-215.99747,113.90229,-7.2953777,4.8796144,-5.253356,-6.3826637,-12.506687,-8.498821,-12.094784,1.4253082,-8.475645,-5.216534,-7.959222,1963.852779357688,0.09233488859953703,10.482578,0.49036935,21797.137,Speaking
-217.53642,131.15895,-23.339573,24.231838,5.050248,13.565491,8.802489,13.38776,3.041594,13.536225,5.2954645,5.2222176,4.0241733,1539.0239046272545,0.060761628327546294,10.276953,0.46231163,18804.3,Speaking
-166.84183,124.98779,-33.318108,74.62259,-12.909831,46.940166,-4.524152,26.089582,11.595683,4.2411675,10.234398,-2.340837,16.094511,1515.3315850748202,0.036937572337962965,10.213803,0.47647598,62404.562,Speaking
-309.40784,163.40967,7.9613156,16.792809,10.058804,5.4568524,-1.8032382,-0.95465666,-7.2077603,1.7357413,-0.8440915,0.8743016,-4.1176114,1101.373111967377,0.04733615451388889,10.08703,0.48221126,5286.176,Speaking
-279.0101,143.3137,-24.810705,11.784851,-16.216335,-4.8477845,-16.551517,-8.67434,-11.674253,2.438707,-11.192262,1.8221184,-8.403635,1539.6578555606382,0.0752269603587963,10.396701,0.45362544,8226.135,Speaking
-161.79065,114.96971,-13.26321,33.27314,-1.5678979,15.878766,4.9282217,9.993041,-8.382222,3.1415572,-0.56468976,5.5804353,-4.6350327,1898.0944425922992,0.08211715133101852,10.619716,0.4922434,38666.19,Speaking
-244.35204,152.7656,-28.845753,12.737102,-1.0625552,7.360259,-7.2395315,4.6041985,-8.113878,4.2826905,3.8765976,1.7298539,-0.37619406,1374.5601507876158,0.07033736617476852,10.20303,0.48967925,16019.354,Speaking
-135.45824,127.94835,-36.74205,12.17681,-1.8585665,-20.797337,-6.595002,-10.985429,-11.795817,3.9301074,-5.837384,2.5088048,-8.783458,1801.8950480957606,0.09844970703125,10.580832,0.4542514,45437.883,Speaking
-345.16718,150.87158,-16.3925,8.01341,-7.2461987,-13.323986,-4.4964495,-8.661533,-16.380692,2.7992895,-3.5885336,-3.3000798,-11.765761,1387.0013771481144,0.06848596643518519,10.284754,0.5420516,5397.9746,Speaking
-91.847404,126.54911,-25.755701,17.185165,-12.100929,-3.8341687,-14.2019,-5.36513,-18.61172,-1.6393385,-11.260561,-5.5749173,-8.801185,1707.8357695416441,0.07975260416666667,10.484097,0.477367,70640.914,Speaking
-411.74005,104.52015,11.631567,26.572193,7.3546076,17.289707,5.6259174,6.5434003,7.1723137,8.714415,-1.337121,-1.1120993,0.3711884,1927.2886062358739,0.0669284396701389,10.26074,0.51286787,3354.0198,Speaking
-186.4794,110.48331,-20.942713,9.631289,-11.8537245,-1.3236648,-13.052526,-4.590035,-11.094582,1.1278723,-9.335079,-3.3224335,-8.935577,2152.7217305316303,0.10601354528356481,11.15055,0.49879605,40222.234,Speaking
-143.08852,121.24063,3.3836687,31.22938,-2.0223317,-10.279191,-8.819639,-2.2912,-8.443389,-5.2966003,-9.970068,-7.544649,-9.178261,1652.5077632018085,0.06439661096643519,10.197651,0.5004132,42523.254,Speaking
-163.72926,91.394104,-12.257168,27.750257,4.2687535,11.540831,-16.679369,-1.1638049,2.2990854,1.9580793,-5.554209,2.3564787,2.7948956,2343.921466621254,0.14215992115162038,10.639544,0.50311154,46418.086,Speaking
-164.33713,134.80342,-14.449113,12.750616,-8.042336,-3.129568,-10.284751,-11.33924,-12.468657,-5.4369655,-16.917294,-10.503184,-13.65212,1489.363939330948,0.06305383752893519,10.429053,0.48021197,30176.346,Speaking
-116.9167,100.21042,-36.54295,10.388788,-22.46512,-2.329978,-9.945273,-3.4792566,-5.5103903,5.2776084,-1.7467535,6.3843436,-6.0342226,2273.764182913123,0.13401285807291666,10.811302,0.48020735,66791.35,Speaking
-181.70143,107.19859,-29.322788,-17.810244,-30.904297,-21.153488,-28.211279,-21.308083,-23.159653,-7.7177405,-18.403572,-13.553038,-25.352205,1888.1590519053095,0.08825909649884259,10.482075,0.4840258,26517.738,Speaking
-354.9939,151.62334,-31.833532,-2.320657,-23.27679,-10.319746,-17.702541,-19.163553,-16.796188,-8.457793,-11.483021,-10.030346,-13.3838,1329.162456326191,0.06663682725694445,10.243397,0.4965481,3955.933,Speaking
-226.48915,82.44844,-24.577785,3.0027182,-24.002504,-23.028614,-13.03365,-17.11665,-13.807246,-7.865853,-12.682411,-3.9436285,-16.79619,2561.060497867382,0.13153076171875,11.030865,0.54841715,27982.4,Speaking
-140.0416,79.95904,2.3974774,9.85913,9.633766,4.797951,-3.3127651,5.1401377,-5.0968876,9.772245,-0.5430877,9.135523,3.1484234,3044.262903287177,0.18997983579282407,11.30559,0.48334807,69410.42,Speaking
-55.12558,115.067345,-31.51671,1.3347107,-11.192842,-10.155824,-14.691166,-12.686804,-20.00753,-7.031298,-8.716109,-9.657429,-11.893994,1842.4523519014572,0.08399341724537036,10.63074,0.55625975,129053.35,Speaking
-259.1135,154.24141,5.724408,34.22246,-2.6356125,0.99211186,-4.1917443,0.91895366,-4.081325,5.0256157,-2.2579145,5.899694,-2.1458306,1148.9231732501573,0.04767749927662037,10.066862,0.46025914,9679.256,Speaking
-251.51927,84.573906,13.0544,22.410257,-5.683716,-2.0521667,-20.143248,-10.141643,-14.195482,-2.4610505,-15.032601,-11.753834,-15.843903,2608.751600035847,0.14081714771412038,10.568882,0.47373396,25252.775,Speaking
-217.43391,101.900444,4.148291,41.043575,12.798952,8.755136,-5.920719,5.784249,4.4906893,5.7354097,16.031637,12.827162,1.8141619,1858.0739220142984,0.07232892071759259,10.477144,0.49371606,29030.615,Speaking
-192.35812,108.34056,2.1211414,49.484352,-1.109238,19.018383,2.3634326,7.400212,9.071789,2.8754556,9.786691,7.7899137,1.0405928,1762.4186625299262,0.0645435474537037,10.466603,0.45214832,36809.797,Speaking
-244.88655,110.24955,-12.642042,20.508509,8.539222,-5.312552,-1.1392771,0.19223121,3.161281,11.082452,4.5370045,-0.24376269,2.2377777,1708.5525719011725,0.07743326822916667,10.150922,0.51956826,25098.738,Speaking
-149.42024,150.90321,-14.300752,23.33459,8.557675,6.2706976,-8.466849,2.4330394,0.6759709,4.013717,-0.018596085,5.064166,-3.4558783,1246.5285771801948,0.04918077256944445,10.275122,0.47997305,37323.65,Speaking
-170.8926,121.66816,13.854404,19.62929,4.077153,-0.9480229,-0.21388757,1.4356127,-1.5623579,0.89308006,-1.1145773,3.7510426,-5.490512,1807.7174852187616,0.06805645978009259,10.46734,0.46590373,25802.633,Speaking
-175.07547,198.27513,10.459351,23.871763,11.0011635,7.92131,-0.7952853,-0.012052341,-6.6529856,-2.3206556,-6.973356,-4.145918,-10.575315,689.997527411514,0.02825023509837963,9.488975,0.44931483,14748.417,Speaking
-195.26035,120.761765,-1.3547276,30.949413,8.820721,14.268658,-1.0453918,10.9123335,3.70479,5.8597016,4.973309,2.854915,0.8697264,1602.5394812113927,0.04667833116319445,10.348923,0.4336617,23367.963,Speaking
-260.0426,73.62324,-5.7961707,-13.311892,-24.035051,-21.32252,-25.669699,-15.218743,-32.53772,-17.780994,-6.0953593,-9.188821,-19.18448,2673.1815152264967,0.11004186559606481,10.488689,0.4483607,16276.985,Speaking
-327.69513,104.001724,-1.1513839,28.705828,4.600138,11.726384,-0.418474,2.2281566,-6.337969,5.607456,-3.0876443,5.4615436,1.2845002,1967.5520429771266,0.07724790219907407,10.532467,0.50578743,9391.6875,Speaking
-114.19064,89.26405,-19.926111,19.889755,-1.1641715,-1.2969167,-3.717479,3.2134247,0.5763965,6.3877845,-9.155089,5.47774,-3.465631,2500.2983097240276,0.13940881799768517,10.91119,0.44622585,69559.4,Speaking
-513.77856,94.01214,12.351214,7.6919923,0.31382778,4.000425,8.623107,9.945385,0.6953204,0.27001205,-1.5797454,5.7318263,-6.6490726,1928.8993512515267,0.05926513671875,10.066383,0.63670915,3377.2385,Speaking
-146.19559,139.94064,-23.644938,23.549997,4.723826,-1.8669466,-14.047646,4.5868654,-4.9138274,11.084001,-4.285388,9.328887,1.1237296,1528.595284515466,0.07694272641782407,10.434945,0.47044834,38311.92,Speaking
-375.8977,96.161896,25.804209,37.54308,7.409493,4.629282,1.8755091,7.3553686,-2.5794022,-0.09958748,2.6107588,4.970564,-6.3511286,2165.2846780506256,0.0872486255787037,10.567425,0.5237268,7054.801,Speaking
-216.14308,134.75114,-27.170628,19.117006,-16.745855,-3.4779162,-5.3260837,-8.689568,-8.489544,-9.599392,-2.9374568,-6.490466,-7.39387,1638.9356652834012,0.08118580005787036,10.477409,0.46212894,18204.951,Speaking
-174.163,95.44571,-17.03362,14.158443,-23.648691,-20.241539,-15.372389,-17.467903,-16.068687,-9.253677,-15.925826,-7.1667295,-15.398411,2174.9556780609905,0.10521556712962964,10.724917,0.46999782,35999.94,Speaking
-472.36508,74.02358,13.038589,2.4577768,-7.014663,-3.3900745,7.172344,-1.7384528,-3.3426151,0.550178,-1.1625327,2.7719386,-8.4560795,2008.5497038833698,0.06998245804398148,9.961878,0.5619743,5718.651,Speaking
-585.73267,73.31939,9.381229,18.598204,7.4743857,6.7412267,7.338589,8.150192,0.40353817,7.1307316,-3.1493819,1.3171237,-4.57119,2970.757192317195,0.13343867549189814,10.167421,0.5132309,1128.0144,Speaking
-312.78586,127.62961,-9.523067,10.261547,-6.070873,4.081988,-10.448769,-2.8112166,-1.3682532,-1.8291982,-6.409156,-2.2565875,-5.0467553,1770.1685529856045,0.07583053023726852,10.480627,0.44528174,5974.1885,Speaking
-273.92932,153.95879,-19.584133,5.786463,-5.3227286,-10.629124,-10.749538,0.873187,0.85852474,12.643321,7.811772,7.8587794,6.0011225,1238.3943862245617,0.06440113208912036,10.1302185,0.55179125,11514.693,Speaking
-285.48294,127.365974,-10.727938,8.395789,5.0336156,-5.346494,-2.9688587,-1.1500827,-6.463639,7.897607,-3.8982973,1.3549445,-1.3866373,1818.8540127154706,0.08567527488425926,10.59022,0.49565628,8351.892,Speaking
-236.0777,162.81258,0.1746699,23.95004,-1.8044202,4.4214053,-5.702752,-3.126689,-1.2788492,3.772774,-1.959352,2.8207042,-3.481577,1069.4914398086069,0.03968189380787037,10.000614,0.41262951,10892.333,Speaking
-328.2761,166.13846,-30.297834,17.539833,18.907066,-14.531043,-7.429806,0.77753067,-0.44614848,5.070344,2.6479554,-0.81836164,0.5737683,1322.0676996172654,0.10823115596064815,9.983769,0.5773346,13385.856,Speaking
-186.90575,122.80035,-48.94118,10.22947,-21.224533,-14.936741,-23.15081,-13.985368,-15.040447,-0.784734,-11.427998,-7.123369,-12.462108,1775.6508731261786,0.09394892939814815,10.495312,0.47302467,32350.504,Speaking
-391.18338,144.56506,-19.460337,18.18541,-5.4833384,0.48406246,-8.808028,-3.7795048,-12.658097,-0.23449513,-3.8080976,-4.1836214,-6.0977387,1462.4062973810587,0.06786657262731481,10.32187,0.45500377,2710.1145,Speaking
-74.481926,74.738144,1.9895887,20.61343,-10.404919,-0.46567768,-14.523444,-5.1567073,-9.654972,-1.6809053,-8.848317,-5.758076,-6.7988105,2830.4869909534514,0.12886782045717593,10.900886,0.4885281,119321.3,Speaking
-210.16434,61.58985,-1.6029754,32.34804,-17.603287,1.8593795,7.2429767,-6.3568263,5.1800222,9.477013,-3.1181881,2.046345,-1.1933984,3207.263354405895,0.2139553493923611,11.048831,0.5123354,53866.723,Speaking
-371.8553,180.33398,17.73894,42.44559,12.162422,9.021737,13.293552,10.727104,-0.07208001,9.008948,-5.9250307,1.2315131,1.9363195,728.228334472418,0.027730305989583332,9.740442,0.4681296,3702.4128,Speaking
-357.99762,149.98065,-36.178215,22.061483,5.4953804,-4.8570533,-3.4837022,-6.761204,-7.491736,1.0639578,-15.536267,1.8716893,-13.860217,1453.3631339263197,0.07163492838541667,10.422164,0.46916524,4870.548,Speaking
-253.89279,159.86176,-24.688963,-13.90084,-11.767997,-16.776684,-14.299153,-4.3315215,-15.761103,-2.95241,-1.1409622,7.6649895,-5.483138,1344.0993218495528,0.07341399016203703,10.1650095,0.46001437,10634.477,Speaking
-514.6892,66.99656,18.744041,9.628575,4.1130033,-1.1286188,-5.645908,-0.074835815,0.119528025,4.328681,1.390549,0.071613185,-1.795611,2198.7957458992782,0.0799244068287037,10.337771,0.6228005,5262.706,Speaking
-339.14114,53.552864,5.936179,6.728315,-3.6023932,8.047252,1.0690734,-6.0022364,-5.558494,-5.9610806,-2.880976,-0.8660627,-5.1700177,3354.1261819759447,0.20523862485532407,11.074863,0.5930325,59434.51,Speaking
-469.64987,55.816696,0.6410918,1.8102784,0.70318323,-3.9526062,-4.447916,-0.4595461,3.0012517,6.010348,4.1732826,2.1618364,-6.702167,2233.9812471672954,0.09421567563657407,10.0616045,0.6303751,6410.534,Speaking
-150.21269,136.12971,-72.500626,68.023674,-15.249227,9.838553,-24.651999,1.9106171,-15.6374035,2.0136852,17.497433,-15.060558,6.747848,1987.112915558366,0.13982024016203703,10.759491,0.47433943,101853.1,Speaking
-386.091,63.336678,34.126934,22.075052,1.6793224,5.361963,-6.49116,-3.7591288,-2.6944165,-5.831769,-9.230285,-1.0319194,-18.591993,2780.133103709142,0.17136637369791666,10.11575,0.57721835,9560.289,Speaking
-246.27174,157.36119,-6.6896033,22.498789,6.319858,14.624152,2.20734,6.82399,2.3843844,2.8738005,4.092049,6.526139,3.3188326,1135.80809055463,0.03995542173032408,10.277714,0.46199533,12788.559,Speaking
-324.22888,66.889565,7.646236,-12.21223,-13.719288,15.672811,8.789298,0.3798636,-15.003929,-2.9906936,5.715896,6.156845,-0.25682336,2660.23561141859,0.11073359736689815,10.4462185,0.57975125,16889.525,Speaking
-368.05463,122.46971,-6.164333,14.738398,-0.22230953,8.156508,-1.812435,2.364057,-0.47398418,4.90313,-0.36116034,4.948469,1.9841554,1713.3932907008436,0.0671657986111111,10.5562,0.49525645,3949.5483,Speaking
-306.357,120.05747,-4.026935,25.218798,-1.5076042,3.247458,-2.853649,-1.278282,0.755957,9.007083,-1.4917792,5.9015164,-3.5542037,1646.1617259978523,0.059436939380787035,10.422689,0.4757172,8720.274,Speaking
-270.64102,134.4946,-0.8332028,40.944824,4.807035,13.111407,4.9849343,3.1261282,-5.8991113,11.51425,0.9527717,-1.8735522,2.9835477,1323.2400402359553,0.04643419053819445,10.216003,0.46915966,10933.423,Speaking
-321.1575,130.78368,-22.60526,15.641539,-0.35627267,5.995276,-3.4427214,-0.006837774,-0.18119389,11.439175,1.1041673,9.370232,2.9054124,1673.3674294316852,0.07904730902777778,10.50115,0.4747672,6454.391,Speaking
-335.9496,171.09715,-4.791302,40.532818,11.976673,3.3384993,-3.9620228,1.861262,1.2795728,1.9889829,-2.7530186,8.659845,0.40957874,940.003211403994,0.038492838541666664,9.94294,0.45287,5401.3916,Speaking
-405.12994,126.26478,-21.160885,42.217457,-3.5431013,3.5820663,5.72269,-1.5381643,-4.564698,13.109753,-17.719337,-3.429935,-6.986514,1630.4622822337963,0.07841887297453703,10.388676,0.5859738,5088.636,Speaking
-242.32184,83.796036,11.259602,12.50127,2.6591337,18.526924,-6.6592617,13.259105,-4.730369,8.840168,-1.9534256,3.7012696,-3.1151671,2917.9955365556775,0.1802684642650463,10.471926,0.45493335,27988.197,Thunderstorm
-223.6721,126.073326,21.814768,16.252693,3.1481287,19.565254,-5.098377,13.951092,-4.4484224,9.047087,-1.1111791,5.19743,-1.593067,1722.0839976331404,0.06725396050347222,10.17064,0.45698145,22119.902,Thunderstorm
-109.48062,123.12591,-24.959766,37.12827,-2.2990642,5.1219516,-9.706934,4.2442656,-8.561965,-1.7607623,-9.612555,-2.1806078,-9.035704,1808.4521142735962,0.09279152199074074,10.836299,0.46517017,120660.78,Thunderstorm
-189.55252,147.79396,-12.434581,18.818882,3.9566572,4.6125665,-1.7131294,2.831317,-4.0985937,-0.20810339,-2.0292609,1.3050964,-0.64756393,1493.3388206328107,0.07753951461226852,10.963547,0.48134458,101722.97,Thunderstorm
-315.18396,200.86816,60.914604,14.63194,8.527841,11.502602,11.985838,-2.6813157,-1.8774335,4.3051534,-2.9838717,0.9934085,6.154074,442.4236685482592,0.019415961371527776,8.748124,0.45694816,2092.1414,Thunderstorm
-249.31677,166.33655,6.002489,17.20251,7.388616,20.579403,-0.15320237,3.6819272,2.6587148,5.2663293,-5.571497,2.1709485,-1.89962,1019.1760745039434,0.03743037471064815,9.545465,0.47155437,9455.604,Thunderstorm
-188.21365,173.7829,-23.599043,16.099615,8.670956,11.430065,-0.25570798,-1.8135712,2.5748422,0.49959508,-4.6929493,2.2566874,-0.32868516,1103.0114132046017,0.05525942201967592,10.197778,0.50769645,32025.477,Thunderstorm
-185.03722,195.17549,-17.799166,22.41175,16.43355,13.538733,3.9768643,1.0002997,3.7046192,4.330252,-3.1826203,-0.11523279,0.97615916,822.3863154376495,0.03988986545138889,9.766251,0.4825402,25663.543,Thunderstorm
-257.28372,191.06937,-4.0671844,9.372894,21.505041,7.13814,1.2693824,0.5098861,4.371728,3.2745392,-0.64459556,1.9776617,1.208668,774.1341841202527,0.03666856553819445,9.716827,0.5017736,10897.888,Thunderstorm
-320.79886,255.98712,47.72839,-25.940561,-11.189651,9.151942,4.809259,-7.524942,-5.1177607,-0.29212424,-2.7726362,-1.9547621,-1.9586526,595.1278826254752,0.03512234157986111,9.29994,0.46613586,1379.0726,Thunderstorm
-312.0224,238.11877,15.893116,-8.415678,12.005922,5.8893523,-8.628881,2.2012882,-3.443183,-10.0779505,-0.07719439,-6.7735753,-3.5107083,577.8180335328555,0.03285273799189815,9.317231,0.49625692,2544.7146,Thunderstorm
-255.46321,189.3096,-16.226213,0.87405515,-3.1117065,10.385058,-9.61176,3.741304,-4.865656,-2.556947,-5.5764046,-1.096843,-4.9416046,1041.1941340532092,0.05612973813657408,9.801612,0.5084696,7933.79,Thunderstorm
-239.75642,205.55687,-33.661556,-3.257615,10.383729,-4.2019763,-6.7385354,0.9190764,-5.7721767,-3.0740006,-5.5604777,-2.2385745,-3.929817,1114.2159591621935,0.06581172236689815,10.080565,0.47088873,15151.861,Thunderstorm
-312.97806,238.03615,28.51798,-22.381615,11.483281,11.898574,-2.1304245,1.4240938,-0.4618105,-5.3126335,-4.7585487,-2.6849806,-4.0987225,586.7287005230454,0.032482005931712965,9.369198,0.46424124,2258.1833,Thunderstorm
-403.85995,177.11542,36.048824,15.74876,19.531847,17.375128,2.9626353,4.7399793,3.1019669,1.6932409,0.16509056,0.359824,3.5192075,441.6356819021424,0.012629756221064815,9.252961,0.51264113,1861.4963,Thunderstorm
-232.67055,154.82204,-58.184742,75.89025,-18.961617,19.268734,-0.9973073,-14.880961,0.35694337,-14.785457,1.5946198,-11.796568,-3.72487,1587.8755972702038,0.0923733181423611,10.511291,0.5048869,37716.766,Thunderstorm
-330.6803,150.4588,69.02759,39.57752,26.713799,19.7531,13.873223,10.470112,7.9774027,6.415064,4.389835,3.0244768,1.5526705,246.49198563795767,0.010285554108796295,9.002827,0.45083004,3537.7454,Thunderstorm
-396.1388,115.58845,70.0985,44.36972,31.803984,23.485435,19.05826,15.620928,12.179223,9.364239,6.9309535,4.86789,3.7110007,208.78791493804113,0.008468062789351851,8.408769,0.46299332,656.79596,Thunderstorm
-288.0617,186.21022,65.09394,28.83336,20.668123,17.35126,12.25031,11.142358,8.367864,4.9226785,2.5495758,1.2707366,0.31269062,260.6172591280331,0.012566460503472222,8.95351,0.44907188,4487.221,Thunderstorm
-249.88078,174.53925,61.0912,36.173695,24.153429,19.579725,12.384774,10.332397,7.602154,5.9418983,2.9365857,2.474632,0.32099178,322.32007183660204,0.01629638671875,9.533452,0.4660994,19895.201,Thunderstorm
-319.53275,164.0011,-15.922715,10.07784,2.6548815,-3.9958389,1.683969,-3.4964108,0.006105635,-1.4802927,-5.7730045,-3.0970912,-4.0860186,1308.9345937224807,0.0636302806712963,10.24974,0.46873227,9458.112,Thunderstorm
-223.89154,147.02422,26.533457,6.4865108,7.622103,3.0005407,5.453039,-1.5258273,1.0692365,0.642714,-4.5984354,-2.049042,-4.9431744,1351.5003048428646,0.04189724392361111,9.771584,0.46622044,10325.116,Thunderstorm
-349.86862,153.72682,17.983625,3.3342268,22.67699,11.763036,10.0004225,3.6723368,-3.8365397,-0.17197381,-2.5839446,0.25164053,-4.44799,1136.4941448615339,0.03416160300925926,9.323038,0.49926844,2933.5872,Thunderstorm
-66.20611,16.520906,-40.02768,-12.446229,-3.1459825,-3.9313354,-1.1772437,-1.0932401,-8.448116,7.4769583,-7.1447897,2.9937258,0.1398368,4123.392241934056,0.3025806568287037,11.21691,0.44478488,169256.25,Thunderstorm
-202.58514,128.34312,29.335148,27.412539,4.3268027,15.015171,4.6190333,9.125152,2.0595,7.3404193,2.8861752,3.0875,-1.0241648,1367.8654843162594,0.03835720486111111,9.596328,0.4838118,16808.545,Thunderstorm
-45.684357,92.42506,-24.79918,-13.010775,-19.681456,-16.235975,-22.694153,-15.750523,-24.034866,-16.774035,-21.860666,-13.600193,-17.88488,2402.718611143304,0.12139440465856481,10.662767,0.4702837,117292.2,Thunderstorm
-423.9563,121.49526,28.541866,-0.859851,-11.15458,1.3051867,-6.050381,-5.8010902,-12.887537,-7.6761556,-15.213445,-10.960903,-14.878101,1841.137545590429,0.06347204137731481,9.595062,0.46639636,1649.2906,Thunderstorm
-173.72125,201.9222,-23.868612,10.586851,11.29347,3.1457791,7.3877625,6.747611,3.8104146,1.0619516,-5.8684306,-1.2387382,-1.1855688,946.4454798854871,0.05189796730324074,9.827806,0.47520456,22994.816,Thunderstorm
-405.63693,226.73488,-5.696192,21.0962,-24.192785,-9.35681,13.047581,-10.469487,16.289839,-7.001214,-12.957082,6.3927274,-10.643347,703.5654290714384,0.04323775679976852,9.400703,0.46117792,1254.6342,Thunderstorm
-53.114845,107.86783,38.109394,22.078636,3.5795488,7.157258,1.8189845,5.6873927,-0.81201637,2.2735748,-2.1445742,1.5468459,-3.3720448,1999.4535179873997,0.06721779152199074,10.192379,0.45711315,86622.1,Thunderstorm
-228.12566,198.33177,-29.538406,24.380386,12.318926,8.97918,7.9524455,5.322246,2.7442536,3.8691874,-0.4417233,2.4329054,-1.2009686,874.2899975632113,0.03902407045717592,9.981018,0.45677242,19392.277,Thunderstorm
-135.4043,119.96045,-9.238074,27.506578,1.1935731,11.021559,-0.661697,-3.1912725,-2.6688776,-6.6453543,-10.839233,-1.5076032,-1.4413656,1851.1096096876474,0.08963577835648148,10.350864,0.4936761,57349.637,Thunderstorm
-157.13742,10.893575,7.539444,30.701113,-10.26576,1.6320306,-7.404075,-6.5285068,-13.352033,-4.454746,-16.204018,-5.788788,-11.47557,4395.233290959769,0.32270191333912035,11.242842,0.46880847,86736.73,Thunderstorm
-267.9877,110.85518,21.697538,29.07273,1.8259672,13.424818,5.906481,5.6740336,7.4555745,2.7016032,1.3772128,2.9077988,0.313366,1810.4771608005244,0.055876555266203706,10.241106,0.44834262,10087.982,Thunderstorm
-258.29977,176.48018,-12.133782,5.6467013,20.386082,16.031279,2.533406,7.441931,7.699081,4.9406796,6.1431417,4.9163604,3.2152667,839.4188802019611,0.03062834563078704,9.789643,0.4530861,13243.684,Thunderstorm
-224.9256,137.80263,41.43231,4.614088,-1.8008287,8.533549,-4.580007,0.46674523,-4.0086904,1.5374315,-7.2796288,-1.0474336,-7.1262636,1498.0728463390117,0.048769350405092594,9.7110195,0.48149043,11465.629,Thunderstorm
-353.14426,162.31915,-3.168067,40.10198,0.03744316,4.9611044,-6.827483,-0.35506502,2.1561968,-7.472317,-1.4869432,1.7803584,-5.3805504,1094.4294556522684,0.043721516927083336,9.847636,0.45849,5310.057,Thunderstorm
-360.98892,262.9572,61.522064,-5.7988534,-5.1697116,-2.3008227,4.819077,4.2532153,-5.358801,-4.0194416,-1.0387584,-2.1357634,-1.0115017,429.8678217860882,0.028862847222222224,9.101719,0.45581934,817.57886,Thunderstorm
-399.13644,232.56355,71.07011,20.012068,10.305858,-7.1872,-3.9598296,3.3762875,-0.30257726,-0.15020491,0.07025207,-1.5387545,0.56559896,385.68047219537306,0.02208342375578704,8.90435,0.4517985,749.9217,Thunderstorm
-313.44394,87.71343,21.179277,33.208267,19.372782,23.533989,13.236085,12.298975,5.4413614,10.94621,7.862219,8.560046,5.4451213,1674.9187558669514,0.03952365451388889,9.008774,0.47864282,8909.005,Thunderstorm
-323.5862,105.2812,56.924053,37.76979,20.96902,20.779789,0.95816875,-1.903605,-6.4428883,1.7773677,-9.876343,-4.086411,-7.8417516,1519.5662243958966,0.03633174189814815,9.348773,0.43659,5906.1206,Thunderstorm
-221.00095,190.75282,7.57153,21.384499,-17.98859,3.038995,-5.6878967,-2.676508,-10.287933,-8.5864315,-11.484876,-9.985738,-10.1175375,810.6570521181706,0.03557445384837963,9.419373,0.47253853,9863.886,Thunderstorm
-265.97684,159.79288,-0.1115243,39.950016,-1.7218084,8.172496,-5.664513,-0.41357797,-9.517657,-9.624367,-11.266423,-8.8253,-6.3775983,977.9775965754134,0.03380443431712963,9.468536,0.4553385,9190.395,Thunderstorm
-98.57675,122.20327,24.545748,26.7608,12.50417,14.149168,3.2457316,2.0037076,-4.250257,-0.15060541,-2.0976336,3.868694,-5.8507648,1568.5821657308493,0.04597755714699074,10.028145,0.4570094,49834.168,Thunderstorm
-356.77496,213.00345,28.486107,-14.1718445,18.443743,14.010659,-4.984779,-6.997092,-6.9752197,-8.505994,-8.134287,-8.119197,-7.914738,594.0979351268948,0.029746726707175927,9.0594845,0.4811173,1295.57,Thunderstorm
-240.78392,199.30635,38.288944,26.9584,11.631732,3.7798517,-7.9114146,4.6798167,1.0357971,-13.034241,3.3490162,3.4263504,-5.438341,659.9771501371031,0.02608009620949074,9.175806,0.4512077,7578.54,Thunderstorm
-98.416466,86.57464,42.844097,27.446135,9.540844,18.332747,3.0490236,12.002745,-1.7706141,5.2238307,0.4964945,5.2423716,1.6963899,2329.903316171356,0.06620732060185185,10.332699,0.45187032,70640.664,Thunderstorm
-94.17413,71.751396,37.02656,28.121677,11.846668,18.536198,3.363012,10.6090765,-1.0838089,6.334019,0.33503336,4.57321,3.122935,2838.017485033155,0.09435130931712964,10.524053,0.454569,83669.54,Thunderstorm
-142.11388,126.086136,35.963657,26.58777,5.9335413,13.256278,-0.95694125,5.6960316,-1.6519885,3.3364275,-1.7232269,4.7424464,0.76065445,1507.170949853091,0.04216625072337963,9.939315,0.4512107,31109.062,Thunderstorm
-408.94214,103.095894,74.59645,51.743343,39.905396,34.32493,29.067162,22.35704,16.369307,13.060192,11.907562,10.581884,7.6579204,243.6640577497991,0.004616066261574074,7.4364343,0.4286284,1297.5638,Thunderstorm
-71.07927,199.38057,-51.876877,9.106545,-8.644059,-0.19043459,-12.495972,-5.303406,-9.368493,-7.269456,-8.070575,-4.4381857,-7.680768,1123.163963002076,0.07273808232060185,10.32478,0.48467496,103149.73,Thunderstorm
-215.17032,213.04303,1.2667395,-1.8718709,-14.996618,11.218323,-7.581139,-5.6999073,-8.930444,-8.390845,-9.125373,-6.573699,-9.518192,776.8795380452473,0.04310890480324074,9.570663,0.48130494,7799.6094,Thunderstorm
-110.91491,139.22182,-43.990143,13.528645,-12.36895,3.105461,-9.623515,-1.4015939,-5.8885283,-2.6862698,-5.552643,-0.17067803,-5.645141,1713.000618750961,0.10853181061921297,10.604038,0.50866264,107750.43,Thunderstorm
-183.14786,154.7571,7.978213,25.623621,-21.604298,3.153337,-6.465505,-3.2442398,-9.205888,-5.7018046,-8.515401,-2.7253187,-8.955096,1245.0644467137672,0.05270950882523148,9.793228,0.47114557,19900.908,Thunderstorm
-340.2984,187.71883,37.80723,15.347856,20.678097,20.964836,14.719268,7.811218,6.480709,6.5181384,7.131187,4.2932386,1.4039042,418.88018128369544,0.010441532841435185,8.733221,0.48560148,2236.4443,Thunderstorm
-321.84076,184.2734,41.28295,6.509188,28.306921,22.518257,8.293813,6.998804,5.5106015,4.0508966,5.5014777,3.8893173,1.1026849,368.912523045345,0.013640227141203705,8.725563,0.46687186,1613.7615,Thunderstorm
-306.88684,239.2278,40.53572,-7.1003537,12.816797,4.1206455,-5.536534,1.1986392,1.8090323,-4.561655,-4.7352943,-2.9401267,-4.1015496,467.7026570994924,0.027307581018518517,9.122277,0.45578274,2114.3857,Thunderstorm
-386.46912,211.44977,68.66672,10.589207,9.768862,1.4094636,-5.122849,1.2781094,1.0549376,-5.385383,-5.654505,-3.238122,-3.6038785,441.28007332893105,0.022607873987268517,8.82886,0.44683266,850.3792,Thunderstorm
-227.40704,216.10011,-11.724835,-7.983967,19.622025,6.3520803,2.2789326,-4.3383765,-4.324592,4.8832455,2.2872324,2.0706804,2.2477205,803.4644888386506,0.05409071180555555,9.813451,0.49254352,11319.324,Thunderstorm
-237.33517,209.09245,29.749306,-5.3379574,18.3774,25.678555,5.4260907,-4.31988,0.4892984,8.092989,7.719424,4.155426,0.4416998,491.3606837893762,0.021206325954861112,9.524412,0.46916744,10160.996,Thunderstorm
-301.3695,186.6515,-34.500065,9.980898,5.6138673,2.3414423,0.5043304,2.2634845,-3.226425,-1.154948,-3.474298,-1.386281,-1.8777711,1116.7210925608,0.063720703125,10.151699,0.47455433,11029.617,Thunderstorm
-183.74797,126.2474,26.859167,33.458828,4.0524344,7.325584,5.01535,3.7260973,0.28489053,0.56967163,-6.5126038,-0.49967515,-8.3019495,1511.0999475874614,0.05006691261574074,9.748371,0.46657315,21250.28,Thunderstorm
-197.77002,118.48407,29.351797,38.106503,6.4798765,7.0802927,5.623827,4.476328,0.75803876,1.0273112,-5.9788675,0.26142544,-6.4323754,1624.8404769896702,0.051240143952546294,9.731213,0.46060723,20031.33,Thunderstorm
-96.66766,123.40048,15.77213,8.416007,-9.988163,-1.6766052,2.7582562,0.22375037,-4.068152,-2.759999,-7.3338075,0.010755574,-6.586383,1850.309954815835,0.07227692780671297,10.41442,0.45084342,48138.91,Thunderstorm
-188.91002,142.02611,39.187378,37.756977,6.286085,6.6280303,5.6851625,4.962272,2.248683,3.0042012,-3.2896852,4.037904,-3.6350713,1052.3453786030664,0.02685320818865741,9.449161,0.4654704,17630.91,Thunderstorm
-210.90881,130.30266,25.492735,25.884377,-6.13487,-0.4148127,-0.20151852,1.1116683,-2.2608738,1.6563227,-3.590154,3.9803014,-4.724099,1561.8803465990134,0.05350974754050926,10.063335,0.46498635,15394.15,Thunderstorm
-160.2968,150.24641,-10.534363,24.962967,6.7347608,-8.586778,1.890059,3.4975073,-5.569764,-1.1512244,-4.4459605,-1.1745644,-10.350481,1468.3138258617646,0.06184217664930555,10.218521,0.48242638,35037.527,Thunderstorm
-321.0174,176.39952,73.415436,14.125964,9.648458,17.719347,12.348624,1.8733073,-0.6493893,1.7635007,2.0164545,0.32903934,-1.0803138,353.79626914573424,0.017614293981481483,8.664221,0.49260616,1022.36694,Thunderstorm
-301.00943,167.18597,-19.812536,22.81395,7.5227995,14.344903,1.999524,3.7494416,0.1215584,-1.6091024,-1.4948794,-0.7125252,-3.6134994,1054.828858055086,0.05663610387731482,10.259829,0.48313442,14697.641,Thunderstorm
-387.12677,148.63397,7.6977944,-2.7922955,6.3970914,-0.44674286,-8.474803,-3.318094,-4.3584037,-8.965259,-6.11738,-4.247024,-4.991828,983.2533542746191,0.06061695240162037,9.811213,0.51552564,4709.668,Thunderstorm
-322.0813,172.018,2.0101466,-2.9432266,13.844795,5.697058,2.7666316,3.3082342,-0.06899272,-1.6327581,-3.349055,-3.87711,-5.5211368,807.790985156651,0.04616744429976852,10.013961,0.50265455,6447.8154,Thunderstorm
-249.71234,139.29774,62.681515,14.983263,-3.2493622,8.850959,-2.4548244,2.9042337,-1.8344475,3.8282392,-7.453416,-1.9600686,-8.850575,1257.2130980675602,0.03475387008101852,9.565578,0.45759565,9007.491,Thunderstorm
-376.62515,226.30385,32.033527,-13.830542,16.642353,14.0425825,1.2125505,0.33442137,-2.209059,-3.6506612,-1.4609975,-1.9624894,-4.248658,491.0531498790966,0.02931495949074074,9.288174,0.5009862,972.92316,Thunderstorm
-254.01852,218.33662,49.795242,25.974434,26.072844,15.242377,4.1630726,-2.0724978,-1.6793268,4.662757,4.581132,3.4849606,2.4043965,350.97268549438184,0.014076515480324073,8.760149,0.45581993,4450.8057,Thunderstorm
-193.98016,202.58406,-9.056793,23.546595,-2.5919015,9.419543,-19.504507,-8.338953,-7.5004144,-8.963907,0.13757932,-10.759163,-2.1276824,826.5474142440352,0.04020634403935185,9.71143,0.46182457,21501.307,Thunderstorm
-331.45688,64.28719,-8.037131,-2.6236923,-12.2158,-10.7544565,-11.12682,-2.1302562,-4.9804196,-1.174462,-2.5370975,-1.024907,-1.7791151,3313.678171324649,0.17994068287037038,10.836218,0.5889752,15070.612,TreeFalling
-330.3682,61.774055,-15.530776,2.268532,-11.31344,-10.552644,-11.177614,-2.496776,-6.583578,-2.051287,-3.523876,-1.3548499,-2.6494846,3258.8023301145577,0.19660780164930555,10.757418,0.56017894,14958.105,TreeFalling
-167.86911,11.238133,-3.1673121,22.926582,4.705432,12.110926,4.3374634,4.8771973,-3.5085833,-2.8173392,-5.7860994,4.125714,-7.1466613,4457.444955567137,0.3366654007523148,11.257388,0.5130358,101101.766,TreeFalling
-158.49968,12.786202,-5.633229,23.645346,6.077959,12.000353,3.530688,5.600702,-4.6894937,-3.991487,-5.624532,5.525118,-7.282389,4376.588215317857,0.3289161964699074,11.260641,0.52146715,106428.79,TreeFalling
-189.24313,12.031442,-7.7763286,24.422585,7.809074,12.716881,2.5728986,5.128161,-5.313964,-4.919157,-5.265398,6.769907,-6.968988,4344.637383278231,0.31843849464699076,11.256823,0.52738565,96673.086,TreeFalling
-288.96866,78.14237,-13.34883,18.591524,-8.890763,8.604415,-11.197693,-3.175043,-9.520797,-3.1707494,-9.050377,-4.3638754,-10.01276,2705.9423727063736,0.15636302806712962,10.804949,0.5090774,16094.595,TreeFalling
-308.1471,59.843685,-15.753205,12.480294,-10.712927,7.892739,-9.3893175,-0.16949314,-7.0567775,-1.4247696,-7.5359983,-2.9596698,-8.636782,3210.285067993212,0.21431929976851852,10.81604,0.51106346,15587.709,TreeFalling
-315.7079,75.22893,-2.2645025,10.689358,-11.863755,8.279085,-6.452764,0.94060856,-4.0614905,-0.056941863,-5.436197,0.44880983,-4.8536553,3003.8198429672952,0.1633029513888889,10.957031,0.56915575,22422.668,TreeFalling
-278.03384,77.01633,-3.583574,11.397721,-10.81767,7.8893504,-6.4609613,1.3042085,-4.967126,0.23482725,-5.8428264,-0.24855712,-4.731594,2939.380961690562,0.1576854564525463,10.939031,0.55840087,31429.602,TreeFalling
-265.52646,104.46994,-81.15195,42.025234,-26.30864,13.78489,-5.053541,2.0864015,3.9480999,0.8884788,3.964682,1.7726889,-0.794924,2369.0513217029734,0.1742621527777778,10.762578,0.4601191,35612.883,TreeFalling
-258.4957,113.40549,-79.07984,39.36992,-23.874971,11.624246,-7.309255,2.1201916,2.495895,-0.4586037,2.0250888,1.5463434,-1.8856514,2225.8862955615277,0.15151186342592593,10.734879,0.46301377,37454.36,TreeFalling
-266.79712,124.19926,-84.55268,28.40843,-11.455377,-5.1200733,-2.3440464,-8.693881,-0.35605022,-3.9596202,-4.8473835,2.0081344,-8.058687,2163.9329278571413,0.15193006727430555,10.626905,0.463501,37393.49,TreeFalling
-225.29987,132.69395,-96.83029,30.685741,-15.8155155,-7.3084493,-3.0829253,-11.228404,-1.1338373,-4.9095187,-5.1481957,1.4543121,-9.060565,1998.6713795246808,0.15452745225694445,10.629633,0.46396953,43186.703,TreeFalling
-248.08035,124.359436,-92.64556,29.920187,-14.552973,-5.7413535,-1.4267397,-10.155262,-0.2912441,-3.8767655,-4.369837,1.9447607,-8.536033,2119.0077634043428,0.16005452473958334,10.6508255,0.4631478,39901.715,TreeFalling
-166.80638,54.29263,-42.25659,16.320292,-1.7368633,8.978078,-6.1852956,8.816633,-4.4996095,7.9717226,-0.32747295,7.540104,-1.317274,2917.217492473396,0.18552200882523148,11.018106,0.49608538,78624.75,TreeFalling
-154.52235,49.642136,-48.750484,14.063951,-5.6294627,6.387342,-8.303244,8.4944315,-5.063506,7.6673303,-0.7821384,7.4073486,-1.1277913,3084.6632249642917,0.21006718388310186,11.02958,0.50664854,84814.32,TreeFalling
-309.76227,33.159824,-28.656096,11.258141,-5.5454993,6.524654,-4.204179,10.208769,-4.789483,12.717328,-4.193043,9.369681,-0.33736402,3702.4677208675994,0.25051314742476855,11.230068,0.5017134,18522.203,TreeFalling
-171.77582,46.55673,-6.3855176,30.696632,-8.999249,32.41034,-3.547234,14.38722,1.7919238,9.466423,2.5931928,6.2653494,-0.068746,3494.868251947553,0.21852168330439814,11.179791,0.45987618,87148.06,TreeFalling
-194.17198,51.554977,-6.2779336,34.31512,-6.5369716,34.24758,-5.1355753,14.94486,2.606005,8.7113695,2.2960918,7.3053713,0.39705786,3332.6912022231413,0.1960991753472222,11.1567135,0.46679085,67244.38,TreeFalling
-222.80516,59.85081,-3.8694932,38.893497,-3.8580883,35.715446,-6.92206,15.301728,4.257333,8.96779,2.8616922,9.212205,0.27656406,3063.0102636452775,0.15518753616898148,11.089593,0.46198404,46286.438,TreeFalling
-105.73746,91.216446,-5.083469,-4.154858,0.93272007,16.964956,-3.0006483,8.253257,-4.3015437,11.598743,-14.983434,8.53978,-2.3280108,2604.9424142191447,0.1397998951099537,11.128108,0.4936362,133195.9,TreeFalling
-81.034706,81.820244,-14.334407,-5.613553,-0.8191038,18.625765,-3.7182448,8.866648,-3.1076996,11.964756,-15.21402,9.779008,-1.9040223,2804.801476015757,0.16395399305555555,11.139628,0.48757407,159923.39,TreeFalling
-66.361855,75.925835,-19.697065,-4.747079,-1.5225011,20.02063,-4.5542455,8.982651,-2.5422456,12.179143,-15.531765,10.208178,-1.527375,2931.321586270321,0.17911331741898148,11.141429,0.48683846,169246.61,TreeFalling
-359.11407,64.029755,5.0640993,14.050438,1.1898288,8.853403,4.1022162,6.740679,2.7352934,6.661738,0.3428469,6.500598,2.351418,2855.3180773047184,0.09040662977430555,10.863541,0.5777016,17724.24,TreeFalling
-274.03098,73.673515,17.878164,14.337379,-9.387071,9.371678,-1.9522352,1.7369998,2.5383244,2.7958376,-3.4026575,4.6481,-0.8453308,3034.8461390181988,0.12595621744791666,10.817434,0.5688622,24428.86,TreeFalling
-291.6242,72.863686,11.516319,17.661879,-9.852236,7.1070867,-0.09521032,1.7050896,4.034656,2.9107065,-1.753663,5.344996,0.6553034,2924.579919451531,0.12316668475115741,10.803153,0.5635332,23062.818,TreeFalling
-341.7585,73.918686,13.358449,17.831259,-7.630747,5.9717937,2.688088,4.3563886,6.256986,3.577205,0.22270966,6.4912696,1.8303757,2670.160787085583,0.1059864185474537,10.782581,0.55404913,19605.531,TreeFalling
-317.79276,73.18541,6.9272957,4.5457773,8.416732,10.258491,5.6338444,5.7327485,3.1229312,1.9670448,-1.7806432,0.8928658,-4.070921,3112.4174665026535,0.13170934606481483,11.016268,0.6355281,15086.652,TreeFalling
-362.4733,54.397015,8.218023,2.7357686,5.42356,10.060103,3.6061435,7.474811,5.018482,3.7512343,0.21816275,3.6715214,-0.8394288,3681.1036288874393,0.19101743344907407,11.011964,0.60954165,13050.367,TreeFalling
-200.23778,36.792656,-9.1319275,8.043773,-6.7697406,3.064126,-7.2669535,1.8772811,-6.9449086,3.020415,-2.9789455,5.315797,-0.33202222,3990.163577880623,0.25974980107060186,11.288734,0.49697024,102389.36,TreeFalling
-150.72531,37.480667,-7.1150093,7.5566444,-7.203915,3.820482,-7.913815,2.4446964,-7.078826,3.6542943,-3.6994562,4.26211,-1.776554,4006.419858172929,0.27989140263310186,11.292438,0.49473497,112160.555,TreeFalling
-143.27173,35.098495,-2.790079,7.6676364,-5.425055,5.6890903,-6.5018005,5.3682194,-5.5403485,3.9985101,-3.0502062,3.7479527,-2.065708,4129.550229356076,0.2969835069444444,11.292334,0.49150726,112949.74,TreeFalling
-155.49065,34.844284,-14.273358,9.207862,1.3172259,0.3355549,4.3099494,2.2577305,2.6281886,8.365643,3.7978513,9.743681,3.2906034,3338.24343130641,0.17031295211226852,11.261091,0.47957185,221760.0,TreeFalling
-502.1026,101.17179,-87.35003,7.533683,10.220007,-6.6842694,9.841083,9.691225,3.0238023,-8.258685,0.14819025,3.2146595,0.9238482,2578.550314259594,0.2285133644386574,10.285368,0.62300843,11571.415,TreeFalling
-514.03253,126.241165,-69.909325,16.33064,4.798913,-5.9568257,6.0239596,0.4529043,9.07006,0.2939843,3.7851343,3.1444104,-1.6487666,2446.34887696343,0.16575792100694445,10.353304,0.58643943,7591.955,TreeFalling
-282.3197,94.469376,-36.736813,24.455458,-7.8073363,10.33388,-23.247192,8.240763,-6.5497293,-2.978358,-1.1577088,-1.3973764,-3.3744276,2454.6686269197435,0.15393970630787038,10.719783,0.48129696,27834.814,TreeFalling
-197.76044,32.978226,-30.13691,8.487972,-10.966185,0.7050681,-8.074622,6.6838512,-7.4470615,12.817591,-1.504312,11.066956,0.909114,3706.794495328966,0.2555948893229167,11.229717,0.4820463,62474.28,TreeFalling
-184.14883,30.02833,-1.0236268,7.286231,-3.5906286,6.6154947,-5.30718,6.123129,-4.7867227,4.5989676,-2.1747537,3.9625244,-1.6781363,4279.929256222511,0.30629701967592593,11.297661,0.48634794,81777.94,TreeFalling
-249.7092,44.257812,11.73567,9.6758175,2.8743443,3.6863127,17.729513,4.053479,3.177016,15.075751,-9.308959,13.776304,-2.3509493,3947.3835181716604,0.22710277416087962,11.222919,0.5192224,34401.39,TreeFalling
-169.74355,127.46642,-12.292283,31.61537,12.481172,15.93502,4.496412,10.697004,2.9726055,8.344861,1.800913,5.0838585,-0.2814154,1570.6730262663941,0.049223723234953706,10.467232,0.48472196,33267.97,TreeFalling
-52.345943,34.94027,-28.265837,0.39660943,-10.36873,6.993052,-3.5581722,8.394368,0.7807576,8.04495,0.86209077,6.932791,0.038684472,3833.7793582062236,0.28977909794560186,11.313173,0.4664684,236484.97,TreeFalling
-198.5345,52.28391,-14.400273,12.180805,-3.129796,12.311347,1.6699862,9.765313,5.006414,7.738328,3.1601896,7.613852,1.5488726,3188.302355647974,0.19779685691550927,11.273726,0.48444864,122540.46,TreeFalling
-246.58818,15.467871,-8.292875,4.8803773,-0.8234359,2.6179414,-3.0197906,2.637636,-4.195722,2.5255892,-1.5414603,1.9680574,-1.5673896,4701.683678724447,0.3793470594618056,11.406881,0.52273786,61463.38,TreeFalling
-266.15912,81.51561,-38.979126,28.525852,-12.939842,7.949156,-12.561637,5.5912833,-11.866548,2.8973818,-1.9501389,1.6574453,-1.7462245,3920.579278785735,0.34641972294560186,10.7165785,0.49260682,85941.055,TreeFalling
-382.179,22.549028,10.605132,13.440904,6.966328,11.282677,-0.14723577,8.88147,1.8852519,4.616215,0.14635178,0.95955086,-0.6788333,4510.753144734398,0.2614452220775463,11.3641405,0.6209047,30238.303,TreeFalling
-292.93665,26.628141,-20.62985,1.7924417,-9.213062,6.8598576,-4.4834633,4.896873,-0.23385556,4.968548,-0.7439937,4.666181,-1.278788,4793.260713739948,0.41169117115162035,11.295828,0.46536207,113329.32,TreeFalling
-476.8101,32.91162,1.2027404,3.9296243,-6.0045114,6.6698647,9.342505,1.9455284,3.325348,3.604422,0.6581562,4.997531,1.6695455,5075.082598894606,0.4309421115451389,11.215478,0.5794489,10496.009,TreeFalling
-128.24687,53.00821,-11.642464,22.909328,-1.6461006,-1.1526686,-8.699371,-3.063115,1.2777902,-0.7836219,-0.9119166,0.7403762,-0.00907158,3417.4330186179945,0.24260344328703703,11.0374775,0.5084833,100958.516,TreeFalling
-204.35742,11.868193,0.306618,5.1192646,-8.107718,-1.1993172,-9.053394,-2.2284348,-6.375356,-1.3687639,-3.7234888,-0.38894895,-0.64715284,5013.89334232878,0.43033402054398145,11.3142395,0.5075194,139522.56,TreeFalling
-270.55157,47.139454,13.452635,10.854284,3.853798,5.5894275,18.775763,3.302352,4.8407774,14.896812,-9.319273,14.074251,-2.780055,3767.069268333359,0.20474808304398148,11.221553,0.5192227,32406.771,TreeFalling
-49.071182,68.15533,-13.482711,21.973177,-2.3702703,0.06492576,-7.8643823,-2.0492086,1.7030907,-1.2843173,-1.2951896,1.4045119,0.5009369,3052.8323371550027,0.19776973017939814,11.051903,0.4854238,170101.38,TreeFalling
-125.93707,173.5226,-114.00288,36.82947,-3.582016,-8.593942,-2.4821258,-11.900016,-5.2960763,-3.0286865,-6.3145685,-4.898355,-5.3798084,1686.1378474614482,0.13087067780671297,10.38829,0.47390822,105377.27,TreeFalling
-248.2807,108.4555,-70.57677,49.723137,-14.505206,17.670578,-5.16733,2.7846637,7.941018,-3.9626398,2.9490764,1.4025195,-3.509528,2328.6816125557352,0.1489551685474537,10.7154045,0.463246,82973.79,TreeFalling
-199.33502,127.07966,-77.35631,52.874615,-5.4596553,11.229706,-7.2740717,11.496458,-7.007586,12.41293,0.32537857,1.8751379,4.012015,2002.071184242984,0.13152171947337962,10.664589,0.50410736,75778.96,TreeFalling
-94.63006,136.80408,-102.67099,57.655403,-28.019735,25.761755,-16.761826,0.5445722,2.339935,-9.557918,-0.0764699,-3.9913816,-8.151337,2132.332655107557,0.1557345920138889,10.706514,0.46080646,148397.1,TreeFalling
-92.87553,128.08466,-104.649506,42.119873,-11.490637,-2.0236187,-8.4381,-7.800829,-9.0742035,-0.5767009,-8.723158,-3.6999867,-7.2318687,2063.3660279582564,0.1594826027199074,10.590716,0.47783035,165606.02,TreeFalling
-262.1176,102.83553,-30.34847,-8.145415,1.8849401,11.464677,-4.446647,-7.1727576,2.2591736,9.414206,-5.4491863,-2.937422,10.901946,2344.7835147235805,0.13222023292824073,10.548882,0.519481,26244.582,TreeFalling
-268.64413,91.161285,-18.713594,-2.4049819,0.36472404,8.156074,-3.0726962,-2.2287765,1.8445084,8.105142,-4.7428327,-1.0743371,8.72155,2570.070449848296,0.1361626519097222,10.595773,0.51258314,27009.637,TreeFalling
-145.89687,56.923267,-50.6486,3.405565,-22.413713,-0.22934793,-13.475995,8.692476,-7.3549194,9.246883,0.39575392,1.4055856,2.2932723,3086.7619905186993,0.22923448350694445,11.046735,0.46277636,122541.234,TreeFalling
-135.07799,87.99501,-76.68003,54.80977,-25.126814,22.616518,-13.993956,3.1349254,4.1102777,-6.228475,1.200975,-0.2086839,-7.867799,2736.037641007825,0.21942138671875,10.878149,0.47010168,170061.58,TreeFalling
-105.264046,138.49062,-112.91706,46.082317,-11.933858,-4.4914804,-5.6464815,-10.96226,-7.751815,-1.9185045,-9.117835,-4.421516,-7.70795,2019.2468009196325,0.1592701099537037,10.5664215,0.47719565,157282.36,TreeFalling
-156.44513,136.30806,-74.64866,53.349464,-19.923742,14.028121,-14.1775875,17.00683,-12.410219,17.505688,3.0039606,6.2768073,1.3956003,1981.8968971247234,0.0963134765625,10.727896,0.52997255,74556.96,TreeFalling
-144.73055,45.901592,-47.466698,5.022787,-15.859395,5.026581,-23.960098,-0.74066174,-10.531893,2.2567995,-8.690377,2.2571552,-8.182329,3282.8360705208497,0.2449612087673611,11.080219,0.51914316,107431.67,TreeFalling
-142.4069,71.19766,-50.42382,12.731672,-15.456947,7.1224155,-24.305729,-1.9923345,-14.575804,3.4987397,-6.966221,0.1428176,-6.346307,2760.3131497421186,0.17921730324074073,11.035196,0.4902916,99404.56,TreeFalling
-155.96252,67.40944,-4.190859,35.684353,8.878063,10.713276,9.018525,11.598445,1.9177794,8.362805,1.0681614,3.5958002,-6.312202,2957.4118317990465,0.1251514576099537,11.098794,0.43899566,58836.258,TreeFalling
-150.82054,101.29623,12.62538,23.82003,4.2409687,13.400841,4.590311,4.0905643,-1.8564397,2.8838217,-0.75410795,6.0728154,-0.6739731,2132.785302602693,0.06993950737847222,10.639275,0.49387532,40617.75,TreeFalling
-448.52155,83.19253,52.988518,33.934624,15.030932,19.495674,5.366115,10.689473,1.092311,5.6922054,-1.0626686,4.23466,0.69225365,2011.3286605791234,0.05120849609375,10.444948,0.66296655,6878.189,TreeFalling
-84.24217,100.86621,-27.731428,16.272326,-8.127418,4.746453,-7.918941,1.6111368,-6.966892,1.3627439,-4.4159613,1.2824874,-4.844507,2346.631776602443,0.14189543547453703,10.735127,0.46092328,91250.24,TreeFalling
-178.4573,128.38222,-48.715096,33.080753,-13.319855,10.395158,-14.873854,11.622406,-7.301298,3.324863,5.2066135,2.4375143,-0.51142687,2027.083230608648,0.14144332320601852,10.640007,0.4626907,71357.01,TreeFalling
-243.6463,35.554024,-4.2809563,13.320591,-3.9541469,7.3109627,-2.0414126,12.132068,-1.4347384,5.854928,1.6091013,7.786593,-2.500972,3959.5908593841314,0.24827971281828703,11.280408,0.5149438,54387.074,TreeFalling
-70.20287,77.86039,-18.401003,-5.0474634,-1.2632108,19.65845,-4.417155,8.927194,-2.71914,12.108787,-15.45392,10.18842,-1.6864508,2888.451060184603,0.1743141456886574,11.134315,0.48588818,166544.55,TreeFalling
-372.09183,74.08371,-14.326224,8.796775,-12.909889,-4.173754,-11.818725,-0.9604492,-9.23577,-6.024415,-0.44816804,-4.3611355,-8.22581,2926.413716923688,0.1584743923611111,10.960657,0.63772404,9037.692,TreeFalling
-136.55025,90.55071,-17.941952,-3.0361114,-10.696438,-0.17273274,-7.7747846,-2.2032964,-6.6117644,2.8297617,-3.8124206,0.6885615,-5.119956,2626.396768630103,0.15833423755787038,10.922809,0.440726,59155.766,TreeFalling
-271.56677,90.130035,-18.111921,-1.95103,0.5081821,8.151149,-2.795801,-1.8846539,1.9775469,8.134023,-4.7470818,-1.0226228,8.63817,2589.4049529376457,0.1356788917824074,10.5956745,0.51749474,26962.844,TreeFalling
-254.71425,59.637745,-10.679907,14.33513,-6.7804055,2.302123,-2.8292603,6.241045,4.219623,5.323791,-3.2314515,1.3094157,4.1503882,3245.5638511516554,0.21035201461226852,10.663013,0.5059156,31873.627,TreeFalling
-75.6558,99.22687,-57.80833,8.168674,-27.51223,-5.140263,-13.143849,-4.788329,-6.417167,-4.688059,-13.899719,0.35632256,-12.880891,2760.3371589780677,0.22654215494791666,10.726228,0.45788586,220641.92,VehicleEngine
-159.20964,93.73705,-21.857973,28.015862,-19.433102,6.675101,-0.6943492,-9.559471,4.8183956,10.004806,5.69918,2.8253555,5.610297,2383.4874287991997,0.10766375506365741,10.867569,0.4164972,46217.504,VehicleEngine
-217.23526,158.21292,33.755947,40.68518,0.98361063,11.002895,3.9895391,25.736618,11.443904,20.878183,15.173348,18.774038,9.339047,580.4590591438749,0.01079418041087963,9.0197735,0.25260216,13331.122,VehicleEngine
-182.65123,164.04794,5.1496096,40.51086,13.312907,-0.048980147,-7.710668,17.046633,0.63905364,16.940544,10.322451,6.5179157,-10.1617565,759.4613356063319,0.023790147569444444,9.786328,0.32244292,28572.695,VehicleEngine
-214.36176,133.69511,-11.84585,31.45126,2.8616211,14.849471,2.838186,10.93852,6.8644004,18.482555,4.161912,3.7133188,-3.8458068,1467.4356592522947,0.060919867621527776,10.361159,0.4002726,20254.854,VehicleEngine
-138.83806,96.09997,1.3038986,25.131308,7.176685,9.133491,7.763773,9.267375,1.8669688,8.523631,0.12087116,1.6964821,-3.6199353,2219.6123875074386,0.08027931495949074,10.7242,0.43020433,51954.715,VehicleEngine
-190.28148,126.75805,5.623835,19.9597,3.5303793,22.341316,6.1217084,17.334793,-5.0887675,7.471863,-3.7466533,2.7446978,-3.208282,1417.024125002373,0.03168176721643518,9.96256,0.40591282,20272.7,VehicleEngine
-79.34083,73.73432,-10.297677,-2.1385586,6.821446,1.4360856,4.0028653,14.650371,5.0674562,12.569293,2.2227938,1.602701,-0.6939102,2836.807031054944,0.07715974030671297,10.792923,0.41350648,108222.47,VehicleEngine
-154.98499,149.25436,-11.355998,-7.4605308,-16.022663,17.998245,6.2941403,0.08369619,-8.343957,6.388271,-1.8555671,5.185422,-5.8834314,1375.9011753775007,0.0686306423611111,10.224895,0.40157974,25739.953,VehicleEngine
-45.138313,111.7534,-18.670816,12.609961,-11.487499,2.47991,3.3081,4.9661884,-5.89965,-0.5649011,-9.041406,-1.8696176,-11.244715,2031.4213685952063,0.08518021195023148,10.69351,0.3964524,117296.81,VehicleEngine
-2.1755528,70.72867,12.878923,11.735925,6.7987885,7.630292,-0.13305566,15.885109,5.6579375,6.1202664,-5.5338035,-6.8663273,-5.293851,3181.781812733878,0.13148781105324073,10.997526,0.3935235,221456.25,VehicleEngine
-245.94261,110.45638,-45.80647,12.830151,-22.560316,4.603455,-0.018255485,-0.34406662,-5.543202,2.1888871,-12.69703,5.661038,-14.935552,2092.503026210352,0.12318929036458333,10.739032,0.4658905,20221.15,VehicleEngine
-33.212746,61.62032,-14.192907,15.495751,4.353899,11.04102,-1.361786,9.0256605,-1.8234229,-0.5586142,7.506062,1.7747209,1.0156724,3218.294779735713,0.16540979456018517,11.092826,0.41976637,183604.02,VehicleEngine
22.766039,60.932293,-11.125083,21.775753,3.055351,6.4705596,-5.283713,12.000176,-2.3182313,-2.675986,3.7299879,1.6820627,1.8757316,3265.4358725121915,0.19908763744212962,11.143003,0.4112009,326028.5,VehicleEngine
-187.41966,128.32072,-32.01698,1.9926102,0.45934346,10.843993,2.7520432,2.5244305,-4.1949577,0.11308063,2.424829,9.751345,-0.76645523,1789.8673873742798,0.08489538122106481,10.480125,0.45745987,22086.096,VehicleEngine
-181.47913,177.6042,3.4446337,26.373228,5.1089087,16.87725,4.2947083,1.1278342,3.6625123,-4.017372,-4.8546,-0.8489845,-7.7995777,834.6242533677066,0.026902940538194444,9.631104,0.3966479,18500.855,VehicleEngine
-146.61232,123.903625,-51.31579,7.1875305,0.7766468,7.4677186,8.699516,7.818856,1.0346249,4.937814,-5.165014,0.113215834,-2.4409852,1693.7412531152663,0.10137035228587964,10.672966,0.43231755,66654.21,VehicleEngine
-137.9783,136.08737,-2.422018,12.462183,0.2675801,11.392012,0.17967337,4.199826,-3.9479198,6.4289236,-3.071874,1.2831224,-4.058953,1426.2043282724292,0.04475459346064815,10.079747,0.38317102,33733.055,VehicleEngine
-170.87337,162.83781,-21.347538,12.745884,-17.989597,20.580826,5.178415,14.340838,-1.4805778,6.4723415,-1.1002084,7.8461695,-3.014917,1255.2198108247455,0.049560546875,10.288116,0.41164443,25203.057,VehicleEngine
-113.16021,143.05136,-12.134746,9.807622,-12.6712885,17.931314,5.175022,8.502674,-2.1441836,5.0652366,-3.6643813,8.959912,-4.4427233,1567.505698558431,0.07014069733796297,10.628114,0.42837554,55210.625,VehicleEngine
-138.98236,155.89034,1.8918632,16.6978,5.093436,8.787353,2.4028094,17.365784,5.616099,3.931058,2.7830105,9.197857,-4.252493,1127.662118139327,0.03325511791087963,10.0232,0.41183373,31090.062,VehicleEngine
-228.82512,136.53546,-38.8741,39.314243,1.0043294,4.0069156,0.71392596,4.2295747,-11.055687,11.273578,0.017659822,-3.815874,9.873908,1703.1658233189573,0.09726743344907407,10.547919,0.4344722,21280.191,VehicleEngine
-185.15277,98.253876,-31.47437,-8.472255,-17.554565,0.050225105,4.1123314,-5.4158244,-13.750111,7.445976,-5.0042825,15.600678,8.34297,2219.8160008821283,0.11707447193287036,10.744824,0.4507831,32119.867,VehicleEngine
-216.47472,230.76111,-82.208015,64.93997,-2.9568515,-9.593052,33.06534,-14.610378,19.156662,-3.8870683,-10.111321,20.318628,-9.613916,1039.324387103374,0.060309516059027776,10.098792,0.4197804,27473.781,VehicleEngine
-105.46977,167.76219,-12.301966,43.076572,-5.651231,9.099392,1.0874568,7.651476,-6.5439553,5.45669,9.188967,3.4427464,5.3991523,1052.9400747696754,0.04294614438657408,9.88465,0.41635814,47261.344,VehicleEngine
-26.782446,130.73396,-68.87579,18.895699,-26.800896,-10.847906,-18.836096,-3.7914321,-8.341997,2.1704981,-9.413242,6.3102746,-9.04207,1842.9287137946997,0.12102367259837964,10.5932255,0.45059362,170833.9,VehicleEngine
-193.26413,138.54079,-6.293662,23.143997,-2.7913845,13.490532,-0.860865,5.690546,-2.665209,2.2850156,-5.002941,-3.0167825,-6.626419,1271.6255388212735,0.03388807508680555,10.142738,0.39379182,28021.697,VehicleEngine
-80.602325,114.268295,-22.426758,18.20577,1.6052526,13.680775,3.01002,16.37834,14.387159,-0.5927022,-11.783538,-0.8624364,-0.2659401,1957.2479642286596,0.09482376663773148,10.741016,0.43260744,108070.54,VehicleEngine
-189.56416,118.061516,-42.914497,27.198288,-17.659409,17.310637,-0.8113248,6.793573,-4.5049114,-0.12127631,-7.540827,-6.8853364,-10.933547,1768.1499638560101,0.06770381221064815,10.175328,0.36921084,33900.71,VehicleEngine
-242.46838,160.81856,17.52162,41.431004,-0.26951388,16.855848,0.8215889,1.4616452,-8.19069,-3.9961352,-4.6613913,-1.0224614,-3.819126,834.3908936161926,0.025919596354166668,9.66344,0.42101496,15608.0625,VehicleEngine
-180.59744,139.93939,16.972256,19.313536,4.019888,-4.222109,-1.7753416,10.041841,3.6041355,10.9243,4.594796,5.1898317,4.3790574,1323.919226700806,0.03505678530092592,10.209178,0.42482808,24749.43,VehicleEngine
-195.85075,145.8448,8.308538,23.760221,5.9718933,-4.658573,-6.559637,6.9542456,5.4675198,8.056567,6.852935,7.152395,-0.88693887,1224.3203928262856,0.04024477358217592,10.048484,0.43037787,18999.232,VehicleEngine
-151.957,142.89221,0.8527369,17.372154,9.287276,2.1686878,-5.243702,6.0473123,3.0752213,8.673411,3.5489857,5.011434,2.9484727,1371.328259411591,0.04832401982060185,10.388338,0.42140195,36756.03,VehicleEngine
-181.38603,161.39206,3.5292685,16.772509,11.8758135,-5.089509,-8.840401,9.221717,3.822901,7.2053857,4.379876,8.072383,0.99420357,1050.1141401493787,0.03713424117476852,9.833674,0.44735923,18800.49,VehicleEngine
-199.49364,128.61943,18.280169,19.267357,5.293094,-1.4844452,-1.3863007,9.388519,2.566162,10.051827,5.2585044,5.0410924,4.0250597,1351.9017685389558,0.03570556640625,10.224144,0.4264247,24068.621,VehicleEngine
-192.89743,157.14822,3.8069198,16.631304,11.351122,-5.072,-8.514991,9.006334,3.7628062,7.299225,4.342866,8.07878,0.9202354,1014.7689313925803,0.03627070674189815,9.818726,0.44832513,17966.648,VehicleEngine
-55.041016,111.50719,-18.195707,22.329329,1.8444005,7.6975427,6.119933,9.890056,-0.14077692,8.816928,9.779341,1.8749944,4.9930034,1861.369351435378,0.051972565827546294,10.485073,0.40779403,110158.67,VehicleEngine
-207.12793,145.03027,1.0093423,26.196062,-0.40548724,8.961815,-6.1488137,-9.823112,-5.8230953,-2.6558735,-16.161272,-12.900444,-3.0232153,1147.3817420257712,0.03370044849537037,9.801907,0.41159,15530.323,VehicleEngine
-73.44886,100.609406,-16.063307,22.295225,0.8212627,11.578243,-13.665638,0.46221393,3.947394,1.5154831,-0.18677318,1.9781356,-12.512956,2216.1634263381547,0.10890254267939815,10.750973,0.44763628,92788.24,VehicleEngine
-83.546295,120.80224,-40.23774,3.5338073,-0.15379192,8.384197,-1.6889914,16.238533,-13.284789,6.574585,-0.3158812,-4.300384,3.416274,1988.0582751783024,0.11893491391782407,10.71163,0.4422928,77627.266,VehicleEngine
-262.05203,125.38822,18.806068,53.328377,22.884092,1.7258241,25.10542,18.784544,-0.8785366,-9.657632,-0.5500032,12.988995,-10.214626,1131.6694531756468,0.02416087962962963,9.610005,0.46171674,15824.411,VehicleEngine
-249.40785,124.00709,-2.4484727,15.426204,20.92354,21.578465,5.497528,17.09049,9.52611,5.244411,-1.0527939,7.2425957,1.5916281,1410.2854235599198,0.039155183015046294,10.098887,0.45184875,12027.671,VehicleEngine
-73.99858,28.086071,-19.746561,12.375118,-14.244171,-1.8353769,-1.5494606,6.216276,3.7191572,3.0996861,-3.9506533,5.7133555,1.2788835,3990.621468474551,0.30310962818287035,11.332255,0.46806884,183869.67,VehicleEngine
-251.59921,172.87659,-33.96269,30.297062,-19.670773,-12.323057,-20.562267,-0.85475355,-4.2913337,-3.5057526,-9.742432,-7.218411,-8.413836,1155.840493259984,0.05332890263310185,10.093546,0.39567408,15205.695,VehicleEngine
35.086735,57.447834,-13.725617,-4.9881773,-1.0353307,7.1313567,3.8655405,16.714287,4.4372234,10.813796,4.753793,4.989591,-0.44890934,3496.119764389606,0.2092262550636574,11.212113,0.44511482,337629.44,VehicleEngine
-196.38304,145.98679,12.826738,62.55723,18.8444,4.8267574,13.635149,1.7961922,-2.5581975,7.5282483,-4.868746,-0.6058968,-4.216151,945.0455108017233,0.029100206163194444,10.231281,0.42985442,36699.324,VehicleEngine
-266.51178,174.4099,-41.715122,0.59634256,-9.877161,6.5097747,-2.7864442,8.849254,-3.9138296,3.362547,-3.6289582,-0.9060712,-2.262504,1259.745987560745,0.07716652199074074,10.259207,0.4459228,12497.106,VehicleEngine
-123.514175,124.567184,-39.12254,26.970053,12.775554,13.418494,1.9783899,8.617458,3.4743428,6.3365693,0.2523925,3.0846066,-1.3872056,1734.5141297144917,0.08595106336805555,10.533942,0.41018274,63328.3,VehicleEngine
-310.93127,165.43098,-17.931707,41.54324,3.0861166,21.048756,5.345109,3.3571904,5.016489,5.5157895,2.2810953,0.99966127,-4.1888547,984.9537318215029,0.02766022858796296,9.715052,0.35704225,6247.207,VehicleEngine
-122.74371,126.89654,-2.4003417,6.7877636,10.581609,-1.2764941,5.7765923,-5.5018215,-2.869514,6.9006267,-0.39395523,3.6573384,2.8472195,1784.4967956252094,0.0751636646412037,10.541042,0.44849467,45240.93,VehicleEngine
-60.51343,108.13268,-13.917863,20.35989,2.9423552,1.5515875,9.972042,2.5457556,-2.1977217,5.4330435,-1.7409024,8.815324,-3.735027,2057.4482648618114,0.0857272677951389,10.679964,0.43740126,101205.34,VehicleEngine
-246.73604,94.09071,-8.143862,10.431104,10.667033,14.092475,8.477876,12.458415,5.2349,10.651527,0.2689959,4.130743,-0.8527165,2209.7568716843684,0.07611762152777778,10.495016,0.44429946,15713.973,VehicleEngine
-109.363754,132.99876,-56.493042,93.1278,-43.777157,6.6835055,-11.875208,-25.41686,5.750669,-24.552788,-1.682215,-11.440046,-13.945667,2136.9626415826738,0.13214111328125,10.468821,0.4751609,175388.5,VehicleEngine
-240.9894,113.097946,-14.101368,5.548163,5.0676475,0.6069664,-0.19731988,0.50347364,-4.13432,1.6301326,-4.309192,-4.875834,-9.010779,1983.961409521647,0.07747395833333333,10.5625725,0.3551788,14620.145,VehicleEngine
-166.24628,96.23563,-31.073835,8.726511,-13.011558,15.359499,-23.30999,4.425829,-19.54637,7.5056634,6.99441,4.1099544,5.659123,2790.911823219368,0.21529360170717593,10.86115,0.4848682,72219.06,VehicleEngine
-314.3873,177.7211,55.30267,45.229027,22.45353,19.988327,9.05417,3.9026139,5.585847,-1.2468547,-6.9608,-3.2891645,-1.892649,536.2712468136795,0.016533745659722224,9.246177,0.36462414,5627.6475,VehicleEngine
-317.92612,193.44983,40.180744,39.599728,18.749334,18.180042,11.155127,2.7537858,4.036124,-0.97203153,-7.8494415,-2.6068666,-1.6467896,483.20695929030126,0.016606083622685185,8.880369,0.32875785,3674.6096,VehicleEngine
-293.02405,145.63254,-7.53432,8.032734,20.523722,24.293203,4.5793266,-2.2002528,-0.7400722,2.8679671,-8.074107,-3.8296816,-3.1850743,1144.370503488284,0.04358362268518518,10.288401,0.40646237,13573.068,VehicleEngine
-196.67093,60.684162,70.227844,37.65281,10.250117,44.930973,15.095295,23.367008,26.846653,16.321993,8.505215,5.024174,12.005115,1739.2410924114706,0.01845070167824074,9.28541,0.41601226,48233.613,VehicleEngine
-108.10943,177.22948,-14.015659,13.428072,-4.988068,1.1962476,-9.329778,-2.2353456,-4.6546454,0.0072739213,-2.7692516,-1.3992379,-8.400229,1072.5257880729528,0.04515697337962963,9.97996,0.34329474,42039.016,VehicleEngine
-79.08614,112.895645,-31.0802,7.193368,-19.09217,4.96489,-7.8270874,-3.6638594,-12.238093,-4.555553,-11.323804,-3.2179246,-13.089904,2027.1890702201067,0.11541748046875,10.778576,0.4621698,90929.23,VehicleEngine
-233.97696,107.387886,3.5782645,24.047792,7.2139854,15.751103,12.438039,6.077038,8.060188,3.693949,-1.348533,8.792467,-4.124178,1920.720250051701,0.06224003544560185,10.459949,0.437891,14976.3,VehicleEngine
-278.5644,95.20904,4.249927,19.344475,17.534775,6.4278436,-0.19673342,11.309191,-7.534013,18.711103,8.295484,9.708211,2.9615479,2287.4106075880154,0.07039840133101852,10.767872,0.41678715,10901.482,VehicleEngine
-103.672104,151.32011,-24.849714,13.889553,-0.7680852,11.421401,0.5861673,12.988011,8.109141,14.857851,-0.5476158,11.258265,1.0367154,1332.7436808724199,0.05604609736689815,10.252792,0.4090761,48517.223,VehicleEngine
-402.27936,98.24826,31.914238,41.33284,14.40622,20.154135,13.566174,20.62515,8.600588,12.232347,8.394222,5.1882935,4.7144365,1093.7472794126527,0.02381275318287037,9.280167,0.4328136,5267.906,VehicleEngine
-506.24417,131.26076,50.841633,42.756954,35.821976,29.472633,25.2448,23.735058,15.875721,14.169054,13.22747,12.628951,11.212289,306.2425253437154,0.00955765335648148,7.5870824,0.33792698,699.3217,VehicleEngine
-330.79138,88.401924,-8.862489,14.333956,16.540346,15.676842,14.01989,14.681532,-0.38703465,15.250088,2.1724844,5.5391026,-7.2951603,1597.066914086968,0.031234176070601853,9.427512,0.44524553,6688.57,VehicleEngine
-278.1605,198.78194,0.44530424,23.852665,9.343209,2.0011082,-2.1486695,11.143032,-5.160247,2.4498134,1.5371058,-0.6139693,-6.0406947,729.85630154648,0.02972186053240741,9.591959,0.421582,5851.0396,VehicleEngine
-285.6886,191.02586,45.332005,17.281313,22.489382,22.876537,19.08471,14.344474,9.667433,11.493847,8.199371,7.385019,5.277311,276.72559590735074,0.007866753472222222,8.221153,0.40792835,3835.7922,VehicleEngine
-344.12976,194.14265,54.90086,16.015875,23.422665,22.28799,18.74846,13.1524105,8.821633,10.010012,7.417416,4.3375244,5.7757683,264.4896398387168,0.00758644386574074,8.188414,0.4042877,1818.78,VehicleEngine
-218.73409,147.14084,-3.8529658,23.827105,24.709812,29.095383,20.073763,4.611481,-9.958365,16.807621,17.636967,12.562884,-4.5897007,939.0188322115451,0.011528862847222222,9.8056555,0.29439676,14383.008,VehicleEngine
-221.74983,155.68895,-5.1928062,43.033096,28.686893,12.048614,20.61374,13.091578,-1.173062,12.5281105,13.998736,-0.37334037,-2.2700167,801.7160468140797,0.01941822193287037,9.216136,0.31428626,20901.691,VehicleEngine
-200.18694,140.31575,-13.203185,10.684772,-5.7013555,13.331559,-7.367765,13.189799,-12.63513,3.576852,-9.726255,-0.38439995,-7.3104925,1291.8850493429813,0.05605287905092592,10.218636,0.43895563,31787.879,VehicleEngine
-397.21066,46.26026,-1.0462791,3.3717391,0.7743339,-10.705568,-2.7422915,-9.877404,-9.148303,4.504217,0.18314387,6.2968016,1.6928467,3866.572259835955,0.25241880063657407,11.299563,0.4501092,5284.0024,VehicleEngine
-227.67892,64.85331,1.4082184,9.80304,3.1722074,0.095883936,1.078124,-3.5027347,-3.5965664,3.246602,0.76653564,5.79304,3.0677614,2848.1151651339187,0.1307395652488426,10.957172,0.42497534,41411.617,VehicleEngine
-459.27048,80.76463,-17.65491,-31.211899,-27.840946,-6.3990865,-2.591273,3.7611752,2.1048908,-3.75078,4.180264,-0.21996279,-9.046897,2189.996104762436,0.13069209346064814,9.842328,0.49324816,3335.1147,WaterDrops
-681.392,23.700645,12.272148,5.9307384,-6.1878843,-5.3822145,2.0343814,6.5979705,7.7826223,12.808289,10.843684,6.0599093,-1.6035775,3336.518625961953,0.0980518482349537,9.174923,0.75856143,346.9257,WaterDrops
-453.69028,95.8688,-6.5669675,4.758915,13.296317,6.3264194,7.961704,4.8849616,11.123359,6.4829845,0.38818946,2.7816381,-0.6327803,2293.2990110821193,0.09801115813078703,10.599424,0.614628,5212.402,WaterDrops
-363.97974,12.892205,6.617655,26.555784,17.58373,23.627193,6.1324677,11.936883,12.025513,8.178222,0.43296877,0.4872647,-10.4515,4264.916928833285,0.2600436740451389,11.246285,0.6591728,21859.402,WaterDrops
-118.34972,38.15251,16.049513,24.164568,-5.7579584,16.40674,-4.359213,9.616398,1.1332737,8.460891,-1.621252,4.211189,-2.1256967,3943.101089449245,0.22716154875578703,11.223905,0.46427006,103082.836,WaterDrops
-612.2953,64.77404,31.390415,11.555092,-3.67039,-4.587538,-6.5487366,-3.3344467,-2.7240417,-0.0049423287,3.7545593,4.5700684,5.740839,2520.585632071523,0.21922019675925927,9.021049,0.8028314,275.26212,WaterDrops
-117.62021,39.956436,15.321027,20.031874,-7.0474706,18.460089,-2.912839,9.375903,1.047069,6.41032,-1.5313628,5.6478243,-2.7739182,3905.8381817590703,0.2229885525173611,11.224815,0.46679088,100426.14,WaterDrops
-312.70764,-9.159845,16.811222,31.445946,-3.0202463,23.710194,1.726428,14.609211,2.1979449,9.978813,0.9199052,9.21503,0.8654797,4894.948598622558,0.3245917426215278,11.278106,0.4956134,24886.898,WaterDrops
-370.46948,14.9024725,-7.7648344,28.603584,25.930044,17.851809,7.554961,11.545153,6.0418024,3.8772464,-0.7427903,2.196687,-6.6754117,4080.0863070604037,0.25084318938078703,11.251648,0.6813392,21320.16,WaterDrops
-543.37634,26.59008,12.629018,2.6092517,-3.8871787,-4.0083866,0.72051674,6.3591604,10.644224,13.978538,12.205296,7.816049,3.0019274,2679.004685483469,0.1269802517361111,8.732553,0.77675253,182.00586,WaterDrops
-554.4349,48.295383,22.356703,30.985971,12.047294,7.360338,12.610448,5.7738376,6.4621615,7.6270657,0.40346768,6.9894247,1.2282209,3412.467546409865,0.09464292173032407,11.079646,0.5053381,1101.8496,WaterDrops
-451.73422,93.564766,-29.94458,-23.581394,-32.50021,-5.2072754,-7.9106297,2.6489995,4.5548043,-4.6398835,2.8772845,-0.9162545,-8.365242,2260.8542800173486,0.14074254918981483,10.395279,0.52393997,5343.622,WaterDrops
-418.9094,95.381195,39.772984,22.980757,15.032656,13.698875,5.4297833,5.806051,1.41719,1.5499879,-2.1287036,4.0914826,1.6533971,2220.347800783402,0.055591724537037035,10.7812,0.56903666,3506.9946,WaterDrops
-445.45197,111.66686,-3.6762862,2.3436031,6.7934046,6.5459695,14.307411,6.1693296,6.3345156,3.9368098,-1.2512553,4.267152,-1.3421646,1969.2741187096517,0.07756890190972222,10.5291605,0.6385275,5026.6987,WaterDrops
-443.89978,100.82618,-28.121994,-32.450977,-34.32264,-4.016541,-11.085851,-6.210894,2.690622,-2.3137774,2.8022354,-0.7854278,-7.7686157,2299.5743860479392,0.1534084743923611,10.047403,0.4862042,3251.5005,WaterDrops
-385.90356,81.12682,-57.877495,-36.058804,-26.512865,10.229742,-3.1480832,-0.8020059,-3.421297,-9.59126,2.4664457,3.4970958,-6.6528573,2285.8104896019563,0.15708414713541666,10.232998,0.52788746,8366.197,WaterDrops
-351.1892,0.5085739,6.178886,22.70208,19.363888,29.414629,11.335319,8.804875,5.0686994,7.563431,-0.8724618,2.9249425,-6.867337,4585.30786176749,0.2870189525462963,11.167786,0.65980047,23127.385,WaterDrops
-401.58865,96.056,42.947094,29.98302,19.160952,8.2809305,0.32036054,7.140381,2.4005167,1.6299254,-0.30176824,4.600077,1.6176006,2190.055565193936,0.051210756655092594,11.121858,0.61071485,5763.8164,WaterDrops
-615.4148,17.754509,-75.395805,-6.2337584,-13.3241415,-9.653334,-6.131196,-1.4716673,-2.061957,3.170174,-0.7320973,4.9850464,-2.890456,3517.582681826363,0.2478615089699074,10.984978,0.74670935,1394.977,WaterDrops
-310.4485,-10.34632,21.12765,35.048344,-1.9676965,23.087257,3.2955813,15.54142,2.1169064,10.840545,-1.7456883,9.706579,0.29222178,4839.169799033411,0.2796223958333333,11.212589,0.4923599,26982.72,WaterDrops
-459.26776,80.763885,-17.653242,-31.213266,-27.839685,-6.400821,-2.5912905,3.759749,2.1048625,-3.7510152,4.1803093,-0.22033042,-9.0465355,2189.855373755005,0.13053385416666666,9.842328,0.49324408,3335.12,WaterDrops
-549.02386,10.960316,-62.693817,-7.1277337,-6.4384193,-9.452727,-4.7301536,4.6600595,-5.8286824,3.4468966,0.3338404,0.6581562,0.1565035,3855.006349082175,0.28562644675925924,11.053193,0.69877416,2493.8298,WaterDrops
-464.72345,54.82941,11.469012,33.539227,11.60285,15.70117,5.6607237,9.696521,4.14855,5.7782054,1.3795104,6.98979,-4.437456,3208.9716702513756,0.13924153645833334,11.197466,0.64639395,5828.243,WaterDrops
-422.8275,89.19088,41.382977,25.887936,16.369686,13.75923,2.037588,2.7943878,-0.77961683,1.53821,-1.7080611,4.2688384,2.140126,2352.4683776345596,0.06440113208912036,10.86862,0.6410128,4427.3257,WaterDrops
-445.13208,102.970505,-4.1771884,2.626201,11.299379,7.9432216,18.842138,5.7938952,3.7007735,3.4978404,0.7976045,5.6295123,-1.4389949,2167.970693227322,0.0856617115162037,10.589324,0.66677564,5733.7134,WaterDrops
-121.87717,40.437954,18.576424,19.988846,-5.6954913,16.952385,-4.4562106,8.504708,1.781177,7.8528028,-3.7838395,4.5952706,-3.6748555,3986.7152398846197,0.2387424045138889,11.240586,0.46015352,93103.6,WaterDrops
-619.9468,23.937107,-69.918655,-10.390851,-10.42176,-7.6183567,-6.2877293,0.4315064,-2.0704253,2.0048609,0.050941784,2.2839687,-2.1466863,3515.8592924704844,0.2598809136284722,10.9419985,0.760346,1256.7285,WaterDrops
-523.0115,6.365749,-53.661938,-8.832682,-7.19965,-8.715896,-5.7727513,4.647849,-6.6557593,1.2349532,1.5704871,1.1434639,-0.20170641,4119.545649701658,0.31099220558449076,11.179738,0.6621426,2989.7837,WaterDrops
-409.36545,44.96152,3.244981,20.124607,15.411533,17.69534,8.584063,9.455993,1.3999697,7.805489,3.617001,5.1643314,-4.8725457,3613.4925962159728,0.19691749855324073,11.05235,0.66835856,8851.698,WaterDrops
-416.93228,91.319786,38.04083,23.270163,18.710306,13.361633,5.9440265,8.138298,4.6858892,4.3400736,0.5083593,5.913877,2.4360492,2219.6643259673206,0.04165084273726852,11.0780945,0.57566303,3987.8018,WaterDrops
-513.9074,28.094534,-1.8517869,0.1512902,-6.3024282,-4.9769535,-0.32699203,-6.3345437,-4.5374928,4.5524945,0.75465196,2.0875597,3.109312,3786.544009675744,0.22098343460648148,11.121391,0.5955793,2016.4377,WaterDrops
-420.32523,75.36439,8.453034,22.9913,13.892298,21.648552,11.049061,13.547886,12.458356,17.03809,8.860269,6.178249,5.5341663,2507.493850193003,0.07395426432291667,11.060534,0.591373,6898.014,WaterDrops
-258.9805,-47.881,9.162411,24.978294,0.5551416,3.8585057,-4.957635,5.448188,0.4629684,3.3578837,-2.3887348,1.6494489,-0.8195713,5829.041218361498,0.5097475405092593,11.36622,0.4853379,56295.195,WaterDrops
-224.33948,-41.38473,-0.8166144,19.52548,-3.4402037,8.093684,-4.394451,4.268766,-1.954091,3.010905,0.04207039,0.0330552,0.87487954,5595.754791189837,0.4889232494212963,11.342141,0.51241124,86685.24,WaterDrops
-639.3896,55.63355,8.094726,31.651209,14.086761,22.201086,17.253286,22.139267,15.366614,18.596945,11.703744,10.657434,7.124424,1938.8027334337603,0.029319480613425927,10.161262,0.5151519,489.61862,WaterDrops
-506.21243,55.472626,-28.286963,25.650785,11.864437,20.236458,18.146912,31.427866,14.801388,20.336475,9.779646,6.3746676,0.16444199,2437.234497318359,0.059690122251157406,10.40856,0.50553983,1869.8795,WaterDrops
-242.2326,-33.814846,12.081405,22.422066,-6.3531303,0.3977829,-5.164496,2.3517191,-4.3080273,1.7813311,-2.7266552,-1.941217,-2.4158845,5680.528726756077,0.48702437789351855,11.3524885,0.5078165,64763.46,WaterDrops
-454.9809,-33.515884,-9.796568,19.545069,-4.1891956,14.44577,3.1647477,3.335967,3.6204932,2.5798903,-5.467968,2.5252066,-1.2380792,5222.620539158639,0.4255032009548611,11.322592,0.572205,9531.461,WaterDrops
-484.2266,-32.226273,3.4438832,23.722874,-7.148767,16.321867,4.405002,7.653949,0.319183,1.5771644,-6.964046,0.62125635,-0.6259889,5277.787953875643,0.38265426070601855,11.331541,0.6544573,8642.362,WaterDrops
-255.9794,-43.11862,4.93905,15.677749,0.26354483,7.128603,0.4790672,10.155936,1.1470139,5.430056,3.661438,3.8461185,3.0381618,5835.709491473517,0.5117933485243056,11.357359,0.5050403,61449.234,WaterDrops
-321.7678,99.9353,22.028004,16.825623,14.457528,5.1204257,-2.0318034,-7.6166067,-5.541114,-7.840384,-12.244451,-8.542106,-11.962797,1988.201298109716,0.052605523003472224,10.473237,0.44184428,6172.214,WaterDrops
-575.099,45.81687,13.019563,19.555033,1.7417506,1.3273923,-1.0617231,9.65143,0.8382927,4.7375035,-1.449862,-2.77469,-9.09933,3707.013945465763,0.20534487123842593,10.683587,0.8599566,7155.2866,WaterDrops
-577.71063,99.99146,25.914148,32.458096,7.903324,28.81533,11.905479,18.649448,20.29087,4.375129,11.651148,2.7275615,13.52214,1173.6179382298344,0.023331253616898147,9.001927,0.5410841,794.55334,WaterDrops
-439.3264,92.6627,9.397086,15.28028,12.649482,20.890123,14.557744,12.625053,10.997658,15.601315,8.441002,7.736343,4.9922757,2077.9881862043203,0.049296061197916664,10.682581,0.550652,3318.0942,WaterDrops
-521.7739,17.102789,-3.097113,40.53787,-4.323501,23.72815,12.040141,8.537451,7.595026,5.7032504,-1.7113012,4.166378,4.302558,3641.259476569043,0.13590494791666666,11.264022,0.78274095,9085.617,WaterDrops
-458.8347,80.74906,16.031199,33.20795,23.961374,14.599025,13.548982,7.389913,8.522069,13.644294,10.963323,6.5141883,13.82069,2166.654596970915,0.06538221571180555,10.016567,0.58574593,7275.4365,WaterDrops
-172.32372,66.79994,-117.59281,-42.770073,-46.16553,-24.24646,-3.2821546,-1.9615744,-11.173409,-14.440712,-8.1778345,19.171452,-11.460004,2238.0410773732783,0.1406792534722222,10.374756,0.5265677,75063.516,WaterDrops
-498.35425,-3.744521,-12.905597,40.53034,-5.2580748,17.384333,9.949639,6.0940523,4.3800163,3.0282528,-1.3197665,3.184212,4.2876782,4088.1365366403384,0.20692048249421297,11.106307,0.7204866,9032.544,WaterDrops
-321.07944,93.88605,24.638493,25.769278,10.203566,3.972307,2.1530783,-8.422355,-8.367882,-6.497587,-12.406702,-9.254155,-12.091132,2034.9503817941386,0.05953188295717592,10.557252,0.48453456,9934.162,WaterDrops
-560.3145,40.1639,7.9587955,-0.120744795,4.7508144,13.895229,9.293414,7.363782,5.953878,6.9056506,6.0770345,7.213906,6.3558187,2894.748952270173,0.06962754991319445,10.749304,0.81593174,4874.324,WaterDrops
-572.6809,75.86586,-12.510032,25.330055,16.835135,13.982614,6.1871653,12.410481,11.124904,12.898921,5.389857,8.778032,11.134907,1774.108155156854,0.030725549768518517,10.762723,0.7368606,2867.2964,WaterDrops
-557.3805,47.858715,6.0991755,17.255201,-1.199121,-0.9478023,-4.9806666,10.460518,1.3781213,1.2055284,-2.044421,-0.9170511,-9.159497,3587.9109036706272,0.19666431568287038,10.688036,0.8586448,8281.306,WaterDrops
-475.59058,-42.305473,12.478069,30.989006,-6.5892463,17.415928,7.0463195,4.6089263,2.1860137,1.9390374,-3.297876,3.9172883,0.827657,5471.094696689981,0.4197410300925926,11.304871,0.56120765,8733.324,WaterDrops
-436.15805,87.76266,6.444449,19.950024,12.529738,22.025034,15.457892,13.315927,13.008619,13.1995,6.2066245,7.411324,7.903231,2110.3870354155083,0.055878815827546294,10.934,0.59316874,5385.3945,WaterDrops
-465.21817,90.00733,11.866965,35.1695,21.162447,19.0296,8.810265,7.908075,8.689626,14.224358,7.1598105,11.026708,7.2829037,1930.0070452342252,0.047453703703703706,10.78919,0.4976749,3805.2507,WaterDrops
-324.58484,94.945526,26.651304,22.487621,12.092018,4.194315,-2.4591715,-7.507801,-6.6883273,-7.2764416,-10.60635,-8.263627,-11.758421,2029.0930618942684,0.057262279369212965,10.683642,0.46177825,7639.3584,WaterDrops
-484.49832,-21.161657,-3.8090987,20.510983,-7.994202,16.225729,5.1495295,2.6034212,3.8081727,3.684508,-2.852938,3.0339727,0.53195775,5078.062165320669,0.39644142433449076,11.29057,0.6219652,8591.125,WaterDrops
-433.65552,89.8804,3.3025982,16.474081,8.750835,26.493216,16.01449,10.9745035,13.082512,9.983689,4.545608,9.767865,8.329748,2137.0553100407164,0.05092592592592592,10.8162365,0.5855757,4625.8403,WaterDrops
-585.79114,113.93614,20.687914,38.770992,9.0072155,30.090874,13.386531,15.350807,18.204098,1.6813226,11.156904,-0.07051911,9.513366,1072.7464929492396,0.02348949291087963,9.150193,0.53652644,669.2125,WaterDrops
-524.2415,-15.186144,4.8788643,27.423155,-3.5757062,18.151686,8.366067,8.825159,3.4357634,5.269347,-1.5574621,1.0938505,1.2890284,4709.479829771317,0.2543809678819444,11.269805,0.6335868,5701.064,WaterDrops
-248.97566,-38.7407,3.9723577,20.493876,-5.3004017,2.4083161,-6.152661,5.5292535,0.0151612675,2.2240846,-2.2780545,0.5368545,0.41551414,5629.241985604756,0.48427101417824076,11.361975,0.5181769,65365.758,WaterDrops
-546.10785,42.852303,11.74074,17.25164,4.249927,-0.08165854,-4.5660615,5.7414584,1.2612978,-0.2279621,-4.439051,-4.9328713,-6.0636992,3454.325316742371,0.17790843822337962,10.41438,0.84633535,8935.75,WaterDrops
-451.95316,76.49088,15.2768135,31.44585,21.934475,18.804325,12.4594345,6.3074384,8.07633,15.856404,10.930451,6.30903,14.537749,2337.3954472515925,0.07396104600694445,10.329834,0.59532577,7548.408,WaterDrops
-516.8953,-13.408334,6.9758615,21.670439,-2.9030466,18.921858,6.813963,6.5543222,2.2031689,6.6852145,-2.2538211,3.4480574,1.4240265,4931.478923855758,0.2789012767650463,11.3825655,0.5884306,4143.9585,WaterDrops
-429.89676,89.15489,-8.988359,20.750254,21.156527,24.517578,10.664813,11.400262,9.466638,9.934544,6.0750675,12.831129,9.431769,2075.3789732932455,0.05568666811342592,10.675967,0.61758566,6414.698,WaterDrops
-519.02264,4.7965183,-12.366206,46.13689,-8.625789,17.186625,12.376707,6.464059,4.4750733,2.791722,-0.81400245,3.5944355,2.1139212,3842.342402280623,0.1595436378761574,11.081159,0.7154067,9989.125,WaterDrops
-556.63086,65.78609,-11.693922,24.853481,17.066874,14.936456,7.5056095,9.573689,13.829877,10.2567835,2.9179938,10.284825,11.359263,2003.3470071160643,0.037181712962962965,10.906556,0.76392174,4069.7834,WaterDrops
-512.0172,46.985554,-7.514692,13.428656,21.361744,23.282726,-5.790894,-0.521571,2.524138,13.075019,0.5508426,-2.7502508,-2.655023,3650.2183094996963,0.15540455005787038,11.365766,0.5971495,2196.322,WaterDrops
-572.0055,76.910286,4.0857396,3.977589,-6.627351,-11.544285,-18.442867,-15.879621,-15.77978,-16.398619,-14.399689,-11.016058,-13.940877,2851.3688638066687,0.1467827690972222,10.220748,0.545925,1402.3955,WaterDrops
-558.87054,67.78502,-19.158314,26.501894,16.36368,15.032811,6.9124227,9.952385,9.086789,11.044568,5.6664834,10.818089,9.790265,2144.317385079416,0.043974699797453706,10.85374,0.7796412,4040.7043,WaterDrops
-456.19452,65.24051,-38.824444,-12.664293,-11.350005,6.879485,-6.817136,2.1034925,0.39585263,-0.07583929,-11.218923,1.4438101,-2.0816407,2902.142255375677,0.1607372142650463,10.989991,0.6568047,4331.8115,WaterDrops
-454.5444,55.798504,-45.85364,-8.76125,-2.2644598,10.796839,-9.244193,-0.39502037,-3.4236128,4.3952413,-7.077948,-1.1256629,-2.0929184,3054.5962911176607,0.1766289605034722,11.047287,0.7169996,6334.3145,WaterDrops
-490.74985,60.60092,-25.605898,-1.8787789,-1.2437826,4.242576,-12.63117,0.7339284,1.3958774,6.7512136,-9.206431,0.27717745,-2.0040493,3231.6049184148787,0.17481599030671297,11.068392,0.6953788,4238.428,WaterDrops
-264.84888,61.972385,-1.755812,0.03864486,6.3057466,9.086981,1.3448399,2.9520447,-0.7501023,4.6913967,1.4067643,4.581542,1.3136313,3439.205332471347,0.1910422996238426,11.137175,0.4668336,14294.707,WaterDrops
-394.00372,53.964046,1.4776284,-2.0495203,-11.385288,-10.33188,-21.164824,-18.361202,-16.666605,-7.174366,-12.953814,-11.224757,-13.4455385,3468.998215819669,0.18346037688078703,11.370153,0.66247946,17535.922,WaterDrops
-473.5944,19.941402,-28.476477,-40.142525,-6.8880367,26.212267,23.392344,-1.9601713,-15.5175085,-7.7845054,3.537357,4.463787,-0.30693945,1000.3932131194081,0.07369429976851852,8.784583,0.84036535,55.60862,Whistling
-533.2301,35.59726,-42.723892,-45.071224,-5.534045,7.592237,-7.4411106,-14.713311,7.0485544,17.601427,-1.067919,-7.6699567,4.9971657,1546.548263142141,0.11891908998842593,9.11952,0.789948,765.8116,Whistling
-391.6152,-96.464935,-38.404034,33.04893,30.333628,-29.06827,-32.682407,56.326187,-2.677863,-36.463882,29.12245,19.936502,-28.030931,3223.01418566851,0.21863697193287038,9.462192,0.5586954,174045.23,Whistling
-359.9684,-48.346855,-27.466116,34.92531,1.2210906,-17.164017,2.3045201,14.518584,-3.4695632,11.178478,16.663834,-3.0422506,0.40190816,3407.0170098504827,0.2198169849537037,10.156698,0.63581467,149473.34,Whistling
-359.81915,-25.138676,-53.885944,43.199173,32.71739,-3.969254,-14.831871,21.38137,23.358498,3.4172063,6.670956,14.360291,0.09028966,2953.4389566489012,0.1936374240451389,9.911581,0.7521939,91306.836,Whistling
-705.16205,89.48456,27.844383,38.67739,27.988749,41.043938,17.734335,7.412426,9.047321,15.679679,5.835526,12.645399,4.843759,1154.2545519280848,0.04520896629050926,10.071615,0.616255,493.9114,Whistling
-635.2028,84.6877,16.313046,-3.0066128,4.976782,14.406182,17.502653,8.428441,-2.070435,-5.5791407,-1.3142073,5.001963,5.503115,1731.070300717374,0.07729311342592593,8.7110615,0.521779,188.63306,Whistling
-677.1602,87.92675,28.687513,31.265345,25.152012,43.601727,21.082066,5.8351564,5.391251,12.947701,6.019913,13.068732,5.596327,1174.4678337841262,0.04853199146412037,9.846046,0.57405686,483.15427,Whistling
-463.13092,-42.482113,32.452023,53.13152,-26.862833,2.382783,21.783348,-9.889992,-2.8436835,15.928163,-15.269848,-5.7392936,-0.6617652,4736.273874467377,0.3524825484664352,10.66925,0.6057848,25224.018,Whistling
-603.6921,70.22679,5.2950406,-4.3590794,10.860474,25.982544,29.9085,16.511986,-0.17006485,-9.548611,-8.505987,3.620281,7.3675227,1873.8617389344415,0.09259033203125,8.874188,0.6401597,350.86176,Whistling
-450.10184,134.99059,-31.308725,-16.553406,8.794045,27.645292,43.223225,29.874598,6.8340216,-17.092974,-26.348923,-5.0915246,16.09849,1167.105695772212,0.09113679108796297,8.235108,0.3251569,1389.132,Whistling
-217.25969,90.10787,-70.481255,-11.314735,-14.492988,-20.719324,-19.483583,-2.2063136,9.960261,13.059057,1.6505873,4.35323,7.7079716,1273.9367555453932,0.06970666956018519,9.781705,0.710007,62710.37,Whistling
-460.3277,27.398308,2.909438,36.173782,-20.843391,-3.8834448,15.650743,-18.916903,1.6874125,6.5275583,-13.284121,9.944406,2.6354833,2935.0358090995956,0.23625804759837962,9.550393,0.4616023,81400.26,Whistling
-412.4215,72.39525,-32.154266,-21.38627,18.223978,50.090073,42.75688,-0.2206382,-20.87584,-9.650063,12.947371,21.952732,10.998485,1316.15755895273,0.10984745732060185,8.4404125,0.5411248,2328.638,Whistling
-378.56097,8.481219,14.848883,19.25278,9.696607,-3.4306428,-6.884101,15.32852,3.527359,0.85661316,15.713087,8.950608,-0.13052025,2457.7334243948367,0.15181929976851852,9.333,0.51320505,24130.13,Whistling
-438.73904,-33.355003,-36.548073,13.275921,24.977095,2.6414092,-11.040844,-2.9822357,10.518658,1.8441236,-7.5816565,6.7216687,4.7130675,4005.3576358039422,0.2777416087962963,10.340435,0.5984665,64171.95,Whistling
-469.30063,40.09693,-32.34813,-41.167343,-17.837446,1.293887,9.620795,0.74755925,-5.543896,-6.1183133,-1.6366992,-0.1354664,0.1798342,2752.0841201831217,0.17818196614583334,9.363442,0.81272477,1722.7002,Whistling
-332.81915,81.7611,-28.225058,10.096139,34.844948,19.314632,-8.878106,-6.544309,5.2671027,5.954423,3.8237193,3.3664963,2.7556105,1802.6056787602613,0.11864556206597222,9.58006,0.705675,22889.896,Whistling
-228.588,187.5289,-36.65547,-30.166138,19.537992,1.3653079,-4.287403,-9.80876,-17.138964,1.1835706,0.09334571,-17.69011,-12.31179,1013.6675357633608,0.0981784396701389,9.394367,0.5158176,7832.9644,Whistling
-546.86084,-47.264694,-47.00544,55.95395,23.944382,-24.077467,1.1418322,22.820127,-6.1782746,-17.696682,10.111299,12.285722,-22.903639,3054.286731561835,0.2632853190104167,8.891095,0.45116717,46942.047,Whistling
-485.47144,48.227215,-28.44292,-4.3768134,11.700411,19.759462,14.552244,10.823875,4.0445504,6.432774,1.5097772,1.1947688,4.4177074,1846.9585485746722,0.08482756438078703,9.788458,0.8034466,6288.4385,Whistling
-295.81335,124.71578,-15.05782,12.304673,21.92521,28.693205,6.298818,-6.580035,-5.294056,2.9120326,8.09619,6.127029,-2.8372514,1512.5097628171407,0.1161792896412037,9.580014,0.4272844,6985.8003,Whistling
-441.30453,47.22075,-32.81382,-14.481746,15.525643,18.25464,-2.1673713,-8.757203,3.029718,-0.25521109,-1.3339821,-0.60516727,2.6737103,2719.4952405408526,0.25258156105324076,9.155635,0.5180845,11774.738,Whistling
-527.15717,43.25596,-13.082313,-0.46823317,22.662462,12.571413,-15.104725,-17.870432,2.4604888,10.446932,-7.1245637,-11.596332,-2.99807,2313.7419347054656,0.1385837131076389,9.149696,0.7269841,1449.0945,Whistling
-524.02075,100.89121,-13.417728,32.451893,52.076366,36.596558,0.8447353,-6.3305216,17.435675,27.834599,-0.3978208,-4.1500087,-1.1563491,1447.9523497315079,0.10102448640046297,9.220036,0.6442861,1064.503,Whistling
-379.23105,72.90631,-18.695688,2.4677615,33.118896,24.528439,7.693066,4.5777225,6.190052,3.305441,5.590141,13.028634,17.140125,1585.6031060406558,0.11958821614583333,8.9126425,0.538187,13890.71,Whistling
-407.66336,89.555626,-12.467324,-11.018091,10.165822,11.994385,5.688132,10.249076,14.677162,5.51225,5.3813286,12.33763,6.252676,1731.2622313824525,0.08672869646990741,9.811833,0.575378,22029.348,Whistling
-446.69608,-39.662632,-42.82602,12.498607,26.07009,0.8525012,-39.389786,9.154382,10.541527,-10.225557,-20.016262,14.81616,0.6283225,3560.353130095896,0.2504069010416667,9.120849,0.37330157,65615.34,Whistling
-517.3364,-28.014345,-19.375963,12.8995495,16.260359,-59.957096,-38.56461,38.335617,8.375392,-86.43768,47.411324,39.237263,-46.350185,3731.737005711094,0.23830611617476852,8.936063,0.036195643,90547.15,Whistling
-351.37,-64.87946,-28.688992,13.215367,8.066548,-8.449516,5.325777,16.649681,-14.198979,6.6590533,5.4408965,3.624267,-3.0292985,4095.5405113059614,0.2067532009548611,10.533182,0.608501,184590.69,Whistling
-448.27737,-49.235107,-9.225455,15.865548,2.3530116,-4.6460876,8.016776,10.8457985,-7.5396886,12.420559,3.522546,3.1074429,0.29061472,4053.349323663704,0.18272117332175927,10.697416,0.6968255,124774.9,Whistling
-370.99368,66.22006,7.7457986,22.097803,36.12393,29.393423,15.501685,7.2012596,13.672141,17.70215,12.278191,5.7085257,3.6435328,1284.0328428307268,0.06324824580439815,9.302058,0.6609952,7179.0635,Whistling
-342.93652,78.17777,-25.246218,41.148533,40.67163,13.4478445,-15.647712,13.759768,17.14519,7.5659084,1.1641088,13.251905,4.939623,2037.06395562122,0.12031611689814815,9.877743,0.5551068,25631.506,Whistling
-412.44226,-83.4787,-45.154587,53.75038,8.228377,-22.206703,-2.9393497,30.495985,-13.96926,-16.38899,22.991663,14.979591,-20.623526,3561.1802528233547,0.2391628689236111,9.428362,0.4670606,66493.71,Whistling
-236.81387,163.27666,-9.155773,2.6317782,-0.61070025,16.843246,-7.1473727,-19.545204,-15.856664,-1.1506448,-13.939165,-14.204882,-7.2617726,1263.9223909490015,0.08533393012152778,10.256812,0.53020704,15167.494,Whistling
-277.77753,159.37595,-10.51747,4.060205,3.1781068,12.65115,-7.1050925,-11.783422,-9.129987,-8.938024,-15.548523,-8.970972,-7.293628,1286.6406026351744,0.10630063657407407,9.796368,0.5115428,14979.634,Whistling
-624.67993,84.33358,2.8644109,-0.6037643,10.170678,19.342142,24.707138,6.007002,-5.8461523,-7.211231,-1.4352865,8.85935,9.732288,1941.9496612208115,0.09319164134837964,8.550601,0.513032,339.05722,Whistling
-521.524,55.356934,-31.063066,-16.844585,10.984108,23.65518,15.1047125,4.8873553,-4.21377,-3.0517027,1.8728572,-1.4069474,0.6480117,1678.8270016706128,0.09436939380787036,9.194861,0.70467854,1431.0703,Whistling
-344.836,16.845396,-47.609497,4.850311,27.871841,10.361198,-5.0638494,-8.605308,-6.7076354,6.81857,6.926578,10.589977,0.43192714,2244.8243834101054,0.1325005425347222,9.792674,0.7055846,46965.586,Whistling
-536.5958,-2.963507,-15.017208,5.7694783,6.4738646,1.8580015,2.3875513,10.624336,0.4299662,1.8281572,4.6213303,6.924228,3.1593502,2916.7866461695457,0.12486210575810185,10.319142,0.68280363,19877.805,Whistling
-327.54276,72.261856,-33.584064,-12.471287,20.695938,29.654202,0.52563596,-20.858803,-22.24207,-7.2313743,1.8810676,-5.0861735,-10.720475,2019.7239230627715,0.13946081090856483,9.120993,0.69237196,9073.002,Whistling
-426.01266,30.484642,-28.350328,18.208939,27.514956,7.0449595,-12.52989,3.0943384,12.323621,8.828327,-6.7753406,1.9348532,7.52878,3113.0674064840337,0.2686225043402778,9.280264,0.7152708,23269.77,Whistling
-289.8326,76.30903,-65.806694,16.19114,3.8210719,2.7499018,-18.932493,-25.002392,3.2545636,-8.70802,-8.328954,-13.706945,-6.8254304,2673.141687081337,0.2159152560763889,9.391083,0.609466,35515.113,Whistling
-440.95486,70.82147,-19.7687,-19.70917,8.196309,31.221663,33.050877,9.337227,-8.353641,-9.521867,1.4135841,8.922457,8.551532,1395.8975307662563,0.08924922236689815,8.769897,0.6177518,1718.4939,Whistling
-371.41348,41.423935,-23.339653,15.230005,36.338455,24.135635,-8.965473,-12.426621,9.85861,8.802655,-6.5448456,-6.858179,4.732343,2221.8587670199327,0.156494140625,9.105488,0.62969,12556.73,Whistling
-630.21436,56.831543,28.898653,56.70013,19.351892,36.412594,22.225273,3.501765,-5.5109944,19.106297,5.6224017,12.052313,-0.7559302,2234.181606295769,0.12035906756365741,10.790984,0.5247353,1993.347,Whistling
-536.4786,88.773544,-7.555744,1.9842652,19.29646,32.13488,11.273822,-8.173775,-12.051283,11.052678,18.951887,9.761829,-11.336829,1924.4024165968676,0.10752586082175926,9.192208,0.4247998,693.9398,Whistling
-252.69403,76.15046,-46.995556,24.812529,-9.112974,51.07251,13.202925,-7.7347813,-10.027988,-10.413552,21.89586,12.455089,-4.5508175,1836.329838030639,0.11808946397569445,8.880414,0.41402474,28790.639,Whistling
-399.17883,95.48872,8.374431,10.220104,27.669687,19.652046,-6.5530744,-7.9295645,4.1933417,3.2652853,-6.5454364,-4.2509546,1.7905864,1431.2121033345645,0.10859736689814815,9.361503,0.6955005,11073.039,Whistling
-537.96497,19.299917,-21.715542,-23.1575,-7.4747915,7.488984,13.896735,13.451454,7.2707095,-3.1296299,-4.7301145,1.5211036,6.039312,1454.878166193856,0.09721317997685185,9.030432,0.6270732,598.44464,Whistling
-459.72757,42.403835,-51.39525,0.026221523,-14.1522045,-12.005384,-23.76069,-9.983329,-6.1154146,7.5514483,4.9732127,-2.2563248,4.796043,2271.6888859032274,0.2003490306712963,9.657111,0.7266339,5899.1567,Whistling
-497.2149,52.71719,-57.30855,-0.5823907,47.784073,36.524742,-1.7071632,-27.897718,-9.357138,20.368664,12.82816,-5.131894,-4.426007,1804.3775302637048,0.12904414424189814,8.914328,0.7014331,1871.5059,Whistling
-412.86362,59.200848,-14.087897,5.082636,9.956139,20.844048,-7.484813,-0.3927731,-2.4637494,15.314001,-16.876875,0.826888,2.5239317,2767.017562484682,0.19018102575231483,9.159023,0.6339935,5014.861,Whistling
-538.7206,77.71202,-7.044941,0.09639429,15.254749,21.427261,7.7391257,-4.1119437,-3.590004,0.85338366,9.653487,9.254589,-1.687467,1873.256512333055,0.08992513020833333,8.300529,0.49140552,966.36615,Whistling
-487.47693,27.398216,-24.23899,-3.5596926,23.962814,31.235283,18.390623,-3.9287302,-3.9675798,11.150795,21.737192,15.662919,-1.5118592,1804.4299726192437,0.12586353443287038,8.127263,0.5714407,1479.5104,Whistling
-453.34198,45.068478,-37.867558,-23.495691,31.889938,52.087032,24.06735,-22.123276,-35.035183,0.6321613,41.025433,32.32891,-10.291242,1482.1248427730477,0.1376003689236111,7.426509,0.25274462,1445.7574,Whistling
-470.05875,79.74922,-14.606489,4.3558574,24.510435,20.716446,-7.863943,-15.368718,3.3731399,11.290585,-4.9298525,-3.901293,5.645484,2140.459194721158,0.13960096571180555,9.492531,0.63571084,5325.7944,Whistling
-206.66849,59.63234,-36.737392,-3.422835,-11.775958,-4.5507383,-26.824602,3.9592304,3.4117105,9.173217,-3.084663,1.5343038,5.093044,1933.2277585156219,0.09061912254050926,10.140882,0.5467589,104399.84,Whistling
-407.01352,54.731308,-48.820835,13.755769,40.766113,16.375277,-11.219047,-3.925531,17.495955,10.368259,-3.8895025,1.9336997,2.6997676,1949.6101910109883,0.1505759910300926,9.3105,0.5562613,15431.642,Whistling
-695.1711,-8.669598,-30.745493,45.89484,13.160432,-4.0252743,24.411793,11.059163,4.0071507,9.211572,5.1523924,-1.1798941,12.0378275,3646.2246598717556,0.23627161096643517,9.889227,0.7954526,7786.64,Whistling
-427.52505,69.41034,-30.730843,-1.7391696,21.356241,19.66882,-2.669731,-12.352584,-2.0855305,9.513146,8.544856,2.781315,-3.949484,1785.0143833584991,0.11604139539930555,8.978369,0.5782064,3229.2314,Whistling
-502.28497,38.87547,-27.203075,-14.602426,4.071427,18.753416,16.222435,6.731692,-4.796991,-3.7913218,3.9735675,6.697364,3.2649388,1650.446716892714,0.08933964482060185,9.0339365,0.65616155,1958.1597,Whistling
-645.95386,26.766394,-13.803004,-15.855083,3.5929413,22.258125,23.571665,13.650899,4.33133,-1.4681677,2.9888325,9.908062,10.0111885,1605.2355582303355,0.08157913773148148,8.826717,0.6110609,177.94206,Whistling
-258.10144,181.17256,-7.9412975,1.7647542,-0.17188148,13.5126,-4.29314,-15.377156,-15.315273,-4.282082,-13.299232,-11.771161,-9.354642,1005.9219321370309,0.07647931134259259,9.731646,0.46252325,6869.312,Whistling
-617.0612,-14.815649,-32.885063,32.783894,14.129259,-12.416466,-9.909071,11.291319,-8.377711,-14.615912,2.74332,-1.4877944,-13.561309,3314.813074714892,0.26145878544560186,9.221294,0.5398348,15003.633,Whistling
-411.6252,76.762505,-31.173204,-7.085013,-5.393103,2.628972,-4.592335,2.21914,3.1328318,-1.6237204,-0.5807835,7.3342166,0.096796244,2373.0668584735577,0.17603895399305555,10.151611,0.53044033,10807.765,Whistling
-267.71973,166.42566,-9.560909,-1.739132,-3.6327875,8.123829,1.8833025,-8.054059,-17.239428,-15.163122,-9.250506,-3.3458893,-10.420433,1158.327942546709,0.07344337745949074,9.7849045,0.48566732,6964.4478,Whistling
-503.9977,-6.143202,-20.96677,5.3905325,9.367898,1.1260115,-3.1442163,8.484731,2.8916094,1.1260096,3.5576847,8.626301,2.5280259,2711.6972628135736,0.10907886646412036,10.398333,0.7410577,35239.008,Whistling
-510.00867,32.911407,-23.726149,2.695186,32.48885,35.86264,17.776207,-3.6753926,2.9365036,18.245438,22.504988,12.224235,-2.5285354,1456.4903571538755,0.0903049045138889,8.36647,0.6108566,1367.3481,Whistling
-509.52777,-39.719097,-19.81691,30.868082,33.360794,-36.83117,-26.653654,37.28092,8.525502,-72.41499,34.3005,28.990479,-35.957798,3269.179383385144,0.2091041847511574,8.73789,0.0635533,119780.125,Whistling
-454.52615,45.91552,-30.956913,-6.4968514,37.91962,43.653954,10.138753,-29.834938,-19.355028,17.104607,33.80276,15.734822,-18.26121,1692.7686824723246,0.1590915256076389,7.633811,0.37105364,1476.8717,Whistling
-301.06488,55.84318,-26.82963,52.00904,42.886726,-0.03616538,-19.179665,25.537333,10.891405,-2.7622082,2.5789988,17.879654,-2.4583316,2426.2416341155936,0.1549999095775463,10.143598,0.58561754,62725.855,Whistling
-440.76212,84.178986,-46.76566,-20.242785,18.88162,36.687767,29.37462,6.8486605,-7.99334,-15.644771,-5.139536,13.372163,9.180028,1489.79197435868,0.09867124204282407,8.864978,0.53889763,2928.4226,Whistling
-625.4794,-25.62416,-38.277824,32.830723,16.787838,-13.672587,-7.73146,15.082408,-0.9934752,-13.33409,2.676472,5.372623,-13.218587,3314.8274528868865,0.28516755280671297,9.174926,0.62970686,13013.459,Whistling
-456.79022,97.47965,-15.313782,-31.033651,-13.090302,10.088707,25.5019,24.839338,9.503413,-10.580712,-17.395552,-4.301778,9.500706,1287.2061546038437,0.08597819010416667,8.486876,0.584783,1362.2054,Whistling
-302.67487,135.14964,10.75742,40.729366,-11.564652,0.53961205,-8.346223,-0.9183627,-17.40279,-11.002943,-8.176033,-5.9216466,-9.037128,1319.9828151775237,0.043576841001157406,9.966915,0.45197907,7283.1064,Wind
-304.83395,131.76692,-16.533731,17.013056,14.376026,18.121109,15.508681,12.705781,11.317027,8.754173,8.398015,6.706222,7.0713177,677.9636352225424,0.008251048900462963,8.5234585,0.44976142,7422.863,Wind
-286.3098,120.150444,-19.831799,18.779716,15.230245,16.263937,16.219238,11.260498,12.733437,9.460371,8.3747635,7.231255,8.593012,706.6800819678133,0.007084599247685185,8.463963,0.44528726,8862.817,Wind
-446.56097,159.13197,-21.189499,24.40336,0.2403401,2.6581693,8.486999,-6.220573,-16.485533,-7.6394377,-11.516374,-3.5759873,-7.0474997,1204.0357478969065,0.05051450376157408,10.049898,0.44736463,1427.5529,Wind
-58.010777,35.46326,-5.4169483,4.019298,-19.863752,-3.2963364,-9.74834,-6.9577327,-9.044315,-2.6216888,-8.092706,-1.0038614,-6.1892233,4079.251793691211,0.3094618055555556,11.342083,0.4509716,168490.89,Wind
-320.23834,153.37936,1.2769742,16.98332,22.821005,7.773556,14.13297,9.56426,8.486511,9.413292,5.5962853,7.0168943,7.1920705,392.10179680382765,0.004130045572916667,8.000871,0.43601224,4123.275,Wind
-282.9377,131.16849,-3.3917484,-21.230242,-4.9824667,-6.3493414,-18.713823,0.9926245,-1.5645814,-0.19548714,-3.9988024,3.2361608,3.3013277,1824.8821039795785,0.0892333984375,10.508885,0.4618049,7189.6714,Wind
-297.6182,129.63828,-9.908693,17.838854,-3.3602266,16.567968,-0.58721745,4.0411873,0.22426845,7.3107953,0.46842924,6.2566233,1.604866,1820.709758526127,0.06682671440972222,10.729969,0.47313234,7326.699,Wind
-353.72244,46.460773,54.87559,-2.143292,26.023031,16.54384,-10.230109,17.681492,4.799599,3.2208085,-1.51128,-0.72410595,8.784865,4743.543005098948,0.27436433015046297,11.145306,0.53571314,9341.385,Wind
-253.75293,61.95212,-15.20081,8.091754,-14.959965,0.051740292,-5.5562687,0.658461,-5.365881,1.1426946,-4.8484354,-0.93037695,-6.4436946,3274.637612102362,0.2127414279513889,11.178203,0.45225614,18117.691,Wind
-258.83655,121.23549,-9.60348,15.410113,-9.166604,13.87132,-1.609909,5.0060163,1.7845156,7.3721166,-0.6297849,7.2007594,1.5958831,1938.985857410859,0.07948585792824074,10.683441,0.46309826,11211.959,Wind
-305.78052,127.80054,10.546159,-9.541406,-2.7416625,-4.534129,-15.0598955,1.2637186,-2.402022,-2.1494138,-7.043034,2.519074,3.3591936,1877.5357371246737,0.08461959273726852,10.553225,0.46316737,6194.7285,Wind
-364.29803,156.46213,8.00464,39.327084,-7.416485,-2.0457017,-6.6343017,-4.1058164,-15.617487,-12.313674,-7.8451924,-8.419969,-7.952301,1031.3292411299478,0.035712348090277776,9.710083,0.45146212,3241.6245,Wind
-376.09708,122.846405,4.1087656,18.093004,24.072071,13.339943,18.392275,11.292421,7.8131104,13.184721,8.195232,6.5687146,10.92702,428.21763555525933,0.004570855034722222,7.6181145,0.44633773,2681.3926,Wind
-317.67093,149.86842,-8.43665,7.696238,10.015332,14.023494,9.33044,10.146515,8.833345,8.008933,6.7665744,6.040048,7.8474607,517.9691054276242,0.005235460069444444,8.166487,0.4452361,4456.85,Wind
-302.00424,60.697807,-11.039641,11.904577,-13.71984,0.59166926,-3.2273843,0.5487221,-6.174351,0.85758454,-5.4438305,-0.92338365,-5.5207,3336.057616030284,0.2235740379050926,11.189414,0.45296448,11817.293,Wind
-118.83559,22.953215,-7.3471427,2.5224347,-19.097172,-6.353657,-12.889445,-11.418197,-11.473792,-7.212321,-9.200414,-1.5763557,-6.1183686,4377.231346275725,0.3445095486111111,11.363859,0.45176068,103479.78,Wind
-375.59146,138.51488,-2.6811578,13.74372,24.244717,13.219578,15.3779745,9.882838,11.350983,10.658671,7.1463804,9.010586,7.279783,431.70438433961425,0.004905418113425926,8.003176,0.44754767,2615.388,Wind
-244.16258,127.00527,-6.1691203,20.39412,-4.3930182,16.591852,0.8468868,8.105423,3.747388,9.701874,0.9823457,9.207083,2.67923,1718.791018311165,0.06065538194444445,10.490807,0.4615819,12433.556,Wind
-441.86664,160.2054,-13.236007,24.106277,6.070917,3.6913607,1.0483538,-4.23155,-16.503504,-7.8602304,-8.354078,-5.539516,-6.941178,1131.3416602582224,0.043488679108796294,9.9804535,0.44930026,1390.2397,Wind
-388.7502,120.90179,20.664108,52.201515,29.562668,31.197628,20.380272,11.081886,-1.2090098,8.872114,-9.893024,-0.032111816,-5.294628,1011.7571170343639,0.023471408420138888,9.380064,0.44291183,3029.075,Wind
-319.61603,134.73418,-5.397971,20.678905,0.40780017,17.712385,3.546535,5.282898,3.3678198,8.630319,0.95990974,7.9251947,2.122069,1647.2289453951673,0.050051088686342594,10.686853,0.47374278,7151.6455,Wind
-332.29016,109.656555,14.13162,-5.7871695,3.8774426,-0.22538392,-18.844715,5.1773105,1.5744756,-0.20742862,-6.0233774,4.0252924,6.6529245,2342.149045804465,0.11937798394097222,10.775368,0.47318327,5617.6626,Wind
-135.49062,54.5166,-2.8798687,9.276007,-16.778362,-4.910434,-10.599143,-7.4694896,-10.932027,-3.4815016,-7.269146,-0.5455294,-6.803033,3546.2481116887484,0.2314769603587963,11.215168,0.45108917,71715.305,Wind
-389.61414,56.73064,5.1299767,11.541784,-2.016453,3.9045405,-0.056773327,3.339232,0.16264279,4.4272137,0.5627837,4.4704356,1.2207578,3599.514716740357,0.21778474030671297,11.211849,0.44795597,4401.3857,Wind
-330.23605,79.56261,6.6422243,14.417997,-16.180586,17.774057,-1.0905775,12.916227,0.38427565,16.830671,-1.5571588,13.300492,5.448989,2752.5987698670747,0.11762378833912036,10.885282,0.45228443,8242.239,Wind
-217.32353,117.16578,-55.5096,-14.371433,-27.864412,-11.292822,-19.648994,-7.990461,-15.204724,-5.455884,-11.792237,-4.1963444,-9.412299,1888.1986898787266,0.10699915002893519,10.606625,0.45112377,18427.705,Wind
-364.60153,41.053715,-0.9625739,21.996237,-8.015996,6.539155,-2.723595,3.2694623,-0.41810232,4.863504,-0.7660453,3.8609674,-1.4049765,3859.8872700360234,0.2794325086805556,11.2947,0.45065862,7271.0493,Wind
-355.75333,40.90755,-5.171016,20.655882,-7.940494,5.0958567,-3.77693,2.937282,-3.0752325,3.2252378,-1.2757516,3.3206606,-1.6159271,3846.4356334468575,0.2871749312789352,11.307673,0.44898847,7949.4253,Wind
-298.8491,107.862175,13.9612875,15.658164,7.9173746,16.122604,6.6737795,10.509603,5.8694806,10.266549,2.9985201,8.123343,2.2512162,1839.664693872728,0.04367630570023148,10.399437,0.46521258,7655.5117,Wind
-442.55765,83.50642,8.044523,23.296928,-4.4630976,13.475324,-1.7943288,0.9211919,-2.830264,-1.9981695,-1.4950284,5.1894507,-5.850349,2823.291687193027,0.16890688295717593,11.051249,0.4611733,3674.6987,Wind
-402.66742,46.61214,-4.1259394,28.503908,-9.520228,-0.097369,-2.3795223,10.370444,-4.3535275,5.7941275,1.005501,-0.0032303776,2.7976973,3675.8724815004884,0.27046486183449076,11.252302,0.44950026,5063.307,Wind
-320.07343,74.85894,-2.9331915,3.6733568,-24.185759,-14.062678,-17.3814,-15.26916,-18.87401,-13.066468,-12.310126,-5.9672985,-9.67888,2895.6810225020918,0.15210865162037038,10.99165,0.4854498,10143.743,Wind
-279.3655,50.49042,51.191658,21.11914,7.50049,12.892271,10.258086,9.498492,6.8663373,7.3539143,2.3095763,6.946557,1.7586237,3795.9398253900126,0.1438666449652778,10.957403,0.43842742,14398.904,Wind
-403.59933,54.004684,11.150086,8.861375,-0.6311789,3.4231105,-1.2193053,3.459196,-0.70484626,4.561289,0.3636124,3.7730136,-0.16379404,3805.680818674485,0.24369755497685186,11.259004,0.4556312,3884.6213,Wind
-328.56738,75.509766,1.0364232,-3.721477,-22.894861,-11.530083,-19.557531,-13.34925,-16.642221,-7.2868776,-10.099385,-7.846396,-9.99298,2972.4871855654615,0.1539577907986111,11.008666,0.45302725,7152.6353,Wind
-101.40234,126.96315,-15.247035,15.3771105,-9.27339,5.0863,-8.274329,1.0587091,-6.0593762,2.9118483,-8.2497015,0.5999574,-5.8336034,1792.8248718471839,0.08432571976273148,10.591401,0.44936237,53464.137,Wind
-405.21268,52.990555,11.065644,14.21634,-0.6333985,3.6000812,-1.3036346,2.6944258,-0.16970462,4.1160474,0.11393833,3.562517,-1.0501122,3769.6382919461357,0.2393821433738426,11.247734,0.4500864,3908.0227,Wind
-402.27417,56.848606,12.937501,7.7704015,-1.6498739,2.9976392,-1.4587374,3.3842783,-1.2791497,4.3838797,0.32752582,3.8863552,-0.25261956,3752.5827003986683,0.23340974030671297,11.239191,0.45274752,3796.2017,Wind
-219.57732,120.25837,-52.148834,-19.075573,-25.191,-11.317952,-18.265188,-6.7387214,-13.068884,-3.8001354,-9.68566,-2.8743281,-8.676316,1848.2144843839928,0.10451479311342593,10.575134,0.44832218,16886.283,Wind
-331.40524,109.32978,30.733885,20.641834,6.989869,20.426662,12.194822,11.19611,7.3794584,11.461709,1.9103625,7.9441447,1.3213537,1657.8021455488617,0.03370496961805555,10.068067,0.46528205,5292.558,Wind
-278.78018,47.407463,46.318863,21.408892,7.9135427,12.347803,10.192975,9.340715,6.268469,7.4449277,1.6595116,7.106173,0.4422305,3908.3033818451113,0.1586009837962963,10.994771,0.44519106,14800.174,Wind
-382.71558,69.802246,2.1383364,23.42147,-0.4665592,11.278632,9.334171,7.6484804,-0.07882761,8.870901,2.699751,9.407987,1.2891121,2840.6334344998427,0.11182318793402778,10.8305235,0.4526448,4826.7256,Wind
-367.9802,44.81439,-3.2196112,22.060753,-8.372673,-0.22237326,-5.146217,12.658164,-3.8949158,8.629705,2.7502165,-1.7433934,-2.662511,3804.296786753101,0.2816026475694444,11.277294,0.44973767,7115.971,Wind
-394.93298,58.085716,8.303099,5.6566906,-3.4679928,2.4691095,-1.3180829,3.6936402,0.073578484,4.511989,0.42157477,4.420074,0.36180303,3682.013693920686,0.23118986906828703,11.247743,0.4578774,4059.4827,Wind
-398.51425,58.79448,11.5268755,7.6638427,-3.2224467,1.2573252,-1.9616241,2.7732084,-0.76674354,3.3063977,-0.15256974,4.0234594,-0.22051316,3677.814024228566,0.22917344835069445,11.235606,0.45734677,3938.528,Wind
-268.2949,81.7714,36.71343,24.052874,-3.2737727,21.323792,-2.5527303,10.951515,2.4402106,7.1152015,4.900977,7.787557,4.0771313,2550.0868121553613,0.08528419777199074,10.676349,0.46107098,18656.516,Wind
-367.4487,80.019775,-3.690408,25.972208,-8.773772,18.733372,-3.2564144,-1.699101,-10.592559,0.49680245,-5.0538445,0.45862636,-6.6599994,2986.636577767596,0.22482864945023148,11.177202,0.46739855,7302.034,Wind
-307.93613,97.22286,3.4572947,-8.39894,-24.285152,-15.073356,-21.265303,-16.252684,-19.70794,-11.829384,-13.078426,-7.323856,-7.4885907,2319.410119970557,0.09003137659143519,10.632902,0.4521328,6795.237,Wind
-451.16718,41.45902,2.517364,27.089987,-3.1835773,1.9272975,1.7606936,11.618626,-3.0726817,5.755954,1.3818481,-0.59885,4.315878,3867.5747269827298,0.2770702220775463,11.27347,0.44989562,3069.3687,Wind
-176.8465,67.09054,14.782659,13.678998,-5.880951,6.4077973,-11.556014,-0.26965335,-5.651031,-4.637911,-3.6437502,-2.817689,-5.1461763,3370.2597136530608,0.19276032624421297,11.130177,0.45040986,37246.188,Wind
-330.13925,77.57338,-2.1597815,-10.788554,-19.045113,-6.111923,-17.02134,-10.733217,-18.082537,-10.284645,-13.380762,-9.230527,-9.888379,2958.64339921383,0.154052734375,10.997123,0.45370123,6523.224,Wind
-311.15262,47.088345,52.165997,19.271765,12.614597,11.738615,13.250451,8.914137,8.161027,7.801369,3.3123899,8.445693,1.3454256,3939.2719484482686,0.13533980758101852,10.876143,0.43674514,10140.763,Wind
-345.0209,87.90379,-3.8605192,14.807945,-8.474431,15.269631,1.5793885,9.532157,3.7591374,18.233315,1.5889344,17.186186,8.199608,2457.0204999387165,0.09910753038194445,10.79755,0.450411,6128.123,Wind
-213.30128,147.0463,-16.68318,13.787602,-11.239594,2.3777394,-11.794506,2.2290041,-6.9494853,3.8679678,-4.796277,1.985694,-5.0003095,1487.7486539494412,0.07020625361689815,10.408707,0.4517895,15083.036,Wind
-161.34969,105.826744,-60.36311,-14.567238,-28.599722,-9.486688,-18.868065,-8.893181,-16.64,-7.055039,-12.991923,-5.211688,-11.097732,2041.7854410084472,0.12212908709490741,10.682363,0.45020464,35730.816,Wind
-337.26498,79.22803,7.4511456,23.530699,-7.461001,15.141728,-7.853537,-1.0211868,-8.012146,-4.400532,-3.143005,3.6728835,-1.1623552,2878.8605333999094,0.16534875940393517,11.077467,0.45643854,9435.768,Wind
-405.2018,91.84328,12.516186,23.55579,-2.4335248,9.017361,3.9352925,10.020861,3.3611982,14.481581,2.3898344,16.091188,8.5258045,2175.1300882086703,0.06359411168981481,10.513607,0.45636228,3296.8013,Wind
-402.23026,56.719856,12.857847,11.764104,0.95864207,5.7312093,-0.3504854,3.850636,0.4928206,5.031727,1.6084853,4.621117,1.2117845,3646.6854092394005,0.20293737340856483,11.181635,0.44874263,3831.3352,Wind
-308.85114,70.79808,14.765401,22.952324,-0.64453834,9.3320265,-7.64936,3.522346,-3.9003832,-2.824415,-3.6731312,0.5355828,-4.4809136,3152.1045784269954,0.1712330005787037,11.066521,0.45027062,11091.973,Wind
-310.49146,95.216866,2.3859904,-7.526378,-23.611368,-15.5160885,-20.160471,-14.51557,-17.106817,-8.892443,-11.39676,-7.4760995,-8.980903,2400.7925659527987,0.09802924262152778,10.703858,0.4507991,6762.9873,Wind
-402.26157,58.124348,11.247481,8.0010195,-0.9580914,3.9485846,-0.5308356,2.7507968,-0.4520775,5.0318017,0.79707557,4.5913553,0.4575687,3682.5650074880623,0.2235130027488426,11.212444,0.44836712,3710.9458,Wind
-192.1286,79.376015,15.947088,23.218172,8.358008,18.498953,8.964186,19.376333,1.4184083,15.223128,6.196407,17.613775,10.243276,2149.719282442032,0.04329653139467592,10.206255,0.44150808,30973.756,Wind
-242.67267,73.428535,16.45559,20.485958,-6.2225738,8.959553,-8.058937,-0.6081605,-3.4758291,-3.4444823,-2.0474138,-2.3088992,-5.5872383,3112.624094923509,0.16740813078703703,11.051993,0.45384938,18812.193,Wind
-400.7666,59.057587,12.517879,8.42288,-2.0353322,2.769257,-1.771812,2.6002684,0.12821715,5.0590415,1.3445044,4.3978505,0.51963264,3659.508944328939,0.2180198386863426,11.202634,0.4494367,3749.0798,Wind
-256.97565,67.01801,6.633355,37.938057,-6.9153986,30.74782,6.674288,14.767878,6.77244,14.941781,3.3089223,12.915342,6.0165105,2373.188696437838,0.059346516927083336,10.431338,0.46734798,21494.951,Wind
-241.55762,83.91992,-10.471374,25.957455,3.602431,9.5512085,-2.5309706,4.9342813,-1.86629,6.693653,0.0027529045,5.753448,-0.63207597,2614.0173962664417,0.13386140046296297,10.935869,0.44621518,18417.064,Wind
-218.21857,74.15814,-0.16930573,40.231876,-6.5596657,29.465364,4.715104,16.60771,8.274151,15.979259,6.0104513,12.300952,7.9442005,1934.227025866158,0.03679515697337963,9.900861,0.4557153,29002.09,Wind
-447.78983,121.18551,-22.593555,-30.153282,-25.283474,-10.077153,-8.191388,-4.645909,-11.397326,-4.78559,-5.7075005,-2.0309374,-6.6914806,1891.0581301433092,0.09359176070601852,10.43463,0.45571882,1284.6667,Wind
-164.14226,137.23856,-16.19484,13.622406,-10.288091,3.8174698,-9.71392,3.8811855,-5.3168755,1.8355905,-7.690296,2.0103114,-3.2287629,1628.8028262951614,0.07619222005208333,10.501572,0.4477285,26803.818,Wind
-189.56535,74.673004,-4.1458583,38.042183,-4.1444545,29.55054,2.0639057,18.921494,9.622933,15.968095,6.7861457,12.895215,7.395853,1972.4547701981753,0.042265715422453706,9.917014,0.46703973,37228.68,Wind
-140.63947,133.61671,-16.531044,15.325651,-9.828898,4.25472,-8.416541,2.7354462,-4.2084465,4.6572747,-5.7374663,2.6911016,-3.527866,1684.8221104910367,0.07880316840277778,10.53838,0.45041227,35286.03,Wind
-190.29047,141.75563,-16.123869,13.058546,-10.960441,1.8208282,-8.89601,2.720222,-4.075244,2.6052244,-5.900254,2.85861,-3.8506699,1562.4534823727347,0.0742503978587963,10.483948,0.45188242,21566.516,Wind
-461.352,111.76788,-9.0242605,-20.654509,-22.833338,-7.804324,-11.310921,-7.0534434,-11.49148,-4.639681,-5.9113293,-2.6522403,-7.9193783,2118.035908085836,0.09747088396990741,10.643857,0.45222533,1217.974,Wind
-403.76562,96.05308,-1.9367737,23.955126,0.21311244,12.285497,8.280608,13.100276,5.025585,13.196577,2.5866835,9.511542,3.9710417,2232.880644126371,0.08315474898726852,10.749342,0.46627966,4026.8025,Wind
-387.71567,21.045826,-0.7139466,37.08626,1.8924568,13.724507,3.8704998,10.258741,-2.002555,10.87437,-1.3748633,9.373307,-1.9697573,4102.909289016119,0.262939453125,11.318844,0.6159702,27778.697,WoodChop
-522.8355,118.26501,-59.228985,-4.409568,-2.6969905,6.273251,-0.06429291,12.5106945,9.369018,8.857844,-4.0365276,-5.21301,-3.1753495,1907.3757097086448,0.10860414858217593,10.709044,0.680547,5003.289,WoodChop
-366.12836,76.14599,11.355145,5.2658887,21.315699,10.142488,-9.026888,8.741744,5.529767,-1.9254595,-6.9318213,2.0228136,-2.6569827,2438.7509134716447,0.07781078197337964,10.863945,0.5097433,26522.79,WoodChop
-428.05246,110.510124,29.33681,17.852385,8.076138,4.2896705,6.434954,8.284744,1.4943837,0.66380847,0.3793408,2.5465364,0.9132173,1140.6966340563563,0.06316460503472222,10.427977,0.6239869,19612.34,WoodChop
-318.1671,72.860756,6.340166,17.81622,11.52105,17.400478,9.921912,10.449108,4.4119387,5.7374177,2.9998438,4.899924,3.0747256,2378.9633516386707,0.07464599609375,10.852551,0.6209158,40253.688,WoodChop
-299.20682,81.553505,14.896135,21.59832,16.597006,19.201647,8.212156,9.411694,5.0208745,8.34294,3.8359768,4.220705,1.623087,1952.821249040957,0.08094844111689815,10.8889265,0.59042555,50378.18,WoodChop
-302.11362,81.554436,12.743949,14.767143,5.694161,14.5692005,5.310948,7.809559,4.439608,3.5433226,-0.18782298,4.3064914,1.9288062,2456.8142445385633,0.09602186414930555,10.966795,0.5573674,42466.348,WoodChop
-657.6848,91.85049,5.3335667,20.115189,20.58783,18.132753,16.062508,17.361034,9.72445,14.166237,12.132507,12.472765,10.781664,1196.0441047374986,0.02061858000578704,11.158657,0.81590897,2759.3572,WoodChop
-409.15573,55.00699,-1.897236,33.9509,11.663871,22.364529,5.76367,16.9272,-2.3740387,19.476318,-0.021609554,8.957929,-0.1622989,3048.295381928824,0.17762134693287038,11.292717,0.68028545,21151.71,WoodChop
-600.0126,44.36412,10.309562,3.1221342,-3.5246067,1.5708237,0.16245048,0.5200049,2.959316,4.015528,-1.3977088,5.806488,0.462908,4064.3740537404224,0.28901954933449076,11.080851,0.695535,3266.638,WoodChop
-630.6702,51.78415,21.791739,13.128233,-0.5894818,9.258534,3.5373259,15.766762,-2.7444882,6.3962226,3.2494247,1.1208514,5.081796,2691.797173222103,0.14655671296296297,11.053296,0.88389415,13866.616,WoodChop
-630.57306,50.579643,12.0639515,11.819884,2.5517957,5.0568657,7.945206,13.780662,3.7032301,10.448194,6.173834,4.7300525,5.8273587,2420.5835546177263,0.07466182002314815,10.9219475,0.8913224,8651.387,WoodChop
-635.06903,94.70096,0.9509738,35.87309,-1.0344275,-4.912833,-17.918528,1.0943385,-17.161825,8.106787,-1.9745691,-2.86331,-3.1027358,2841.104733764895,0.20141149450231483,10.171131,0.55226433,747.40985,WoodChop
-621.62354,48.023674,10.425014,26.559061,10.169227,15.384843,5.3711963,5.1305575,-0.85278434,9.58105,3.027242,5.0077176,-0.084513605,3409.5107850263466,0.17065881799768517,11.101483,0.86800957,3154.8315,WoodChop
-637.5598,16.73771,-12.298051,5.580725,-7.8882174,0.9284797,1.2061893,0.44547087,-2.012148,-4.162615,-3.0334132,-1.9432842,-0.09952206,4362.951429436422,0.32652904369212965,11.074001,0.71027726,6268.7705,WoodChop
-467.1412,118.04979,1.5182106,9.683804,11.086546,4.8231974,5.7604938,6.8991046,1.7683691,3.4490125,1.8293686,1.0952561,0.88807845,1372.5877941159702,0.05812355324074074,10.245975,0.71948045,4333.582,WoodChop
-426.52966,46.650833,0.25037533,20.03069,3.9115393,7.0626917,6.8469653,1.5432876,-1.5937155,-0.35985824,-1.5918127,1.0069914,-5.0753365,3526.256147035921,0.19852701822916666,10.944511,0.7182269,14436.627,WoodChop
-405.20798,62.252937,12.409477,10.010853,7.2197795,17.568687,11.837014,7.424609,3.4142084,8.732815,5.8184605,3.169103,3.6622174,2911.6090202771043,0.18302182798032407,10.553413,0.6611252,10832.305,WoodChop
-699.2712,63.00265,19.344296,7.7842183,6.173914,9.662652,5.330163,7.2397833,1.1953813,2.019342,3.5148427,5.125887,3.185076,2637.270775153488,0.10428873697916667,11.067919,0.79053086,1396.4243,WoodChop
-372.09396,52.24377,-14.941222,11.746535,-1.6386851,3.5484924,-0.6278596,1.9300536,-1.3020266,-1.1115736,-2.5342824,-0.055538602,-0.99534637,4527.3081544278075,0.4008653428819444,10.87029,0.56539583,35732.85,WoodChop
-439.03748,68.04298,30.957363,4.7355356,8.055431,11.503664,6.3314824,12.144189,7.118622,9.241004,4.3421154,7.139499,0.19911605,3119.070830850175,0.13212076822916666,11.127281,0.7148569,13482.301,WoodChop
-437.85046,70.61493,25.814974,5.1854825,6.468551,9.366263,4.135314,7.4261227,1.4615831,6.3985877,1.9858248,7.590427,-1.3486091,3095.473233573419,0.13569923683449073,11.138119,0.716077,12529.768,WoodChop
-404.37332,28.908236,2.1058059,-2.3077207,-5.238793,-2.780818,1.2911048,3.7670217,1.9954727,3.0958316,2.514574,2.5567546,1.0463632,3471.473489461324,0.20423267505787038,10.847991,0.8392328,17882.645,WoodChop
-528.36365,87.807686,43.63051,14.584735,0.321394,4.1521435,12.934304,16.518724,13.810011,10.028922,7.619345,7.556155,6.018169,1291.624067628707,0.02655255353009259,9.898577,0.7630873,1769.1235,WoodChop
-284.52213,79.598,6.5368443,20.541067,15.039752,18.774525,6.867959,9.134264,4.5612097,8.097023,3.3998294,3.8532867,1.1080705,2142.4700061223666,0.09130407262731481,11.037557,0.5854142,68939.97,WoodChop
-418.71725,110.45819,5.1577177,4.136719,5.8942,-1.8984697,-0.24041614,-1.4409571,-2.5194747,-1.7147729,-1.4431014,0.42505983,-0.8318104,1619.3320746635754,0.08854844835069445,10.341627,0.69136107,7333.96,WoodChop
-319.92282,52.465523,3.7243783,14.4125,3.8591897,10.613953,1.0992681,5.388854,1.7045237,3.8186874,0.85214347,3.343931,0.109565504,3910.131592470522,0.24583378544560186,11.065191,0.6075058,33788.867,WoodChop
-715.91437,61.71423,16.982718,5.5031805,5.3855267,9.408366,9.234138,7.819636,6.151116,5.394753,3.1010225,2.9120529,2.6891582,2326.64567614904,0.07233570240162036,10.60243,0.8870425,1281.2708,WoodChop
-460.59125,72.199524,23.961452,33.63537,14.67445,18.960289,14.272042,11.391333,7.875257,9.186499,6.5565157,5.5690546,2.0993338,2304.2447687786653,0.09062590422453703,9.550147,0.4177571,3351.5225,WoodChop
-604.1721,81.27648,18.201223,2.328809,-7.756785,1.2698449,13.8090105,10.876125,2.9020019,12.300384,9.175744,6.1251187,5.6866536,2259.946912223548,0.09177200882523148,10.243763,0.7164016,1363.6661,WoodChop
-483.3716,59.90908,5.588714,11.418873,0.92275727,10.176729,12.679527,18.354994,4.5221825,6.67749,6.38061,4.1148987,0.3855064,3179.7668369603543,0.1650119357638889,10.796586,0.6611359,5357.2285,WoodChop
-556.9024,75.291016,14.370034,25.074621,15.801659,22.06669,9.357296,15.910089,9.290566,13.433434,8.213127,9.764954,6.3871074,1387.7282593540729,0.017155400028935185,10.894262,0.5883509,1818.2329,WoodChop
-503.78555,53.98977,0.15402943,29.3271,-5.067874,27.33337,-4.6555505,14.137799,-2.6929564,2.8081005,-1.612403,-0.5710493,-0.16417292,3316.2517769112105,0.17033329716435186,10.9227085,0.6504698,9164.765,WoodChop
-571.1679,31.79598,-3.937039,2.919285,-0.16458836,-0.31020218,-2.998671,0.54462373,-5.8201113,2.4893634,-3.476483,0.47737357,-4.1401706,3980.3538637783126,0.29704906322337965,10.791138,0.82128847,3038.042,WoodChop
-567.875,71.39344,23.434242,15.738959,14.43719,17.337643,17.051342,16.440823,12.458967,13.271973,10.691804,10.051237,7.783358,1165.336694975598,0.016701027199074073,10.895222,0.850998,4739.44,WoodChop
-562.71356,88.77206,20.053728,8.145882,9.749897,15.809588,17.633432,16.226946,10.482234,8.7267475,8.631914,10.101995,4.7619557,1958.4546946436226,0.04215268735532408,11.178559,0.8419184,6641.1055,WoodChop
-244.61613,83.068214,28.108925,30.684593,-6.2638335,14.759182,-0.63786054,13.595164,0.97282577,4.8346853,1.2993841,1.9619744,5.292064,2513.223044854612,0.08397307219328703,11.1238,0.64766145,77939.45,WoodChop
-588.50165,77.09243,30.773064,18.28343,8.288567,8.721019,8.29236,4.5358863,3.9967012,4.49699,4.4918337,4.345525,1.0552278,1663.721827442586,0.05374484592013889,10.023128,0.8518577,1088.4686,WoodChop
-366.89816,46.464664,-9.044538,7.8941174,0.14465459,3.009387,0.3612517,2.9034734,-0.46955854,2.6164267,2.2466977,1.3127493,-0.5135799,2993.4129013167585,0.16755506727430555,10.8245,0.69387424,23857.322,WoodChop
-665.72156,78.09179,27.181076,15.91758,11.029827,5.7153454,9.41726,6.3803625,6.628182,3.9745405,2.4723003,3.211582,1.7238004,1998.6968910151493,0.033270941840277776,11.302236,0.81683826,3563.903,WoodChop
-433.21933,133.02481,5.701179,-2.9545243,-2.934053,2.2067137,0.20056802,6.312498,2.57515,15.273491,9.15251,12.876328,10.972552,1326.2700420825295,0.036772551359953706,10.791885,0.75934094,8892.982,WoodChop
-549.48047,52.59518,6.607913,13.537316,8.897063,3.7646637,5.3283324,4.574925,2.0174694,4.9485106,-1.3612382,5.0384436,-0.9893867,3329.862829723387,0.1852733470775463,11.086075,0.7336792,8168.0264,WoodChop
-758.8394,39.98078,24.2897,20.501778,18.957119,18.57334,18.161354,16.594534,14.659374,14.948097,11.804643,12.696015,10.458706,1393.6542723481457,0.014451768663194444,10.452623,0.8728853,581.00415,WoodChop
-415.106,43.3192,6.4764733,16.581696,-3.3755352,18.169664,6.0207233,17.119244,14.8885355,12.675616,2.629425,8.591127,-0.7381465,3508.3033798296915,0.16363977502893517,11.36071,0.6775054,21117.314,WoodChop
-414.58087,72.179306,32.672543,18.260485,13.643883,12.976715,12.161628,9.384239,6.4210415,4.1543093,5.870625,8.986905,2.0203075,2083.570762358115,0.060465494791666664,11.1204195,0.6868736,20667.809,WoodChop
-481.23984,49.817745,-4.1078925,-1.1504227,2.7229712,2.337827,4.6937795,0.4831429,1.9557894,1.1346239,1.0506597,2.7940242,1.1993375,4101.954475998733,0.35948802806712965,11.190725,0.80568725,15629.127,WoodChop
-450.89062,159.20032,-9.0932045,33.920883,13.709221,0.18239842,6.9469776,-8.425916,-3.0079372,-2.9220853,-4.9983478,-3.0777547,-8.985772,935.8821317997251,0.04715530960648148,10.532929,0.5478193,8767.245,WoodChop
-338.98026,66.73307,-6.2831903,7.3787165,-12.465484,12.273541,-1.6862584,12.318727,14.453608,12.781291,-0.9602044,4.8006287,-2.0327628,3118.4174453828387,0.18613462094907407,11.324982,0.6130977,24128.326,WoodChop
-673.568,10.339508,-6.7453027,4.855054,-23.365799,-1.7582932,-13.792982,-6.1346507,-7.374695,-3.8944569,-11.503651,-5.726806,-5.9399695,4488.355760501897,0.37030933521412035,11.332405,0.84887636,5233.7334,WoodChop
-572.2097,24.374443,2.9464579,-2.5951402,1.3765116,2.3040814,-1.720595,1.7087668,2.7930129,1.6449895,1.6984801,0.16894034,-0.026471196,4339.882293203955,0.3832465277777778,10.733921,0.89167595,6638.39,WoodChop
-582.4656,83.19033,5.964358,16.474073,4.9939055,3.9591959,2.2417104,-3.263991,3.8390818,11.777461,5.3545785,2.4718337,-0.8542605,2092.1298424356814,0.0801052517361111,11.002279,0.9055004,5610.27,WoodChop
-545.1311,69.22254,11.426783,23.436365,9.255817,16.902992,10.751445,9.123022,2.1433334,12.105528,0.76359135,5.261063,4.5583353,2299.4202845786426,0.08173963758680555,11.003349,0.8457224,9875.668,WoodChop
-552.21277,-27.479574,7.8586006,10.364979,10.07293,7.400003,6.8016744,3.655958,1.0895439,5.921682,3.1083486,9.981952,1.0548218,5416.849363739962,0.35322853370949076,11.369935,0.63968945,13136.934,WoodChop
-449.54578,-51.60892,5.184098,5.3059154,1.059589,4.2728415,9.114125,0.2935712,-1.1406927,4.602377,1.2980199,8.43141,0.82174724,6107.87360279176,0.5051721643518519,11.210697,0.62047213,23833.84,WoodChop
-676.9715,35.027496,5.037885,3.2675803,-1.6022308,-0.18070112,4.338367,3.9817624,1.7940606,1.0724877,3.9909823,2.605032,1.4878305,5400.9232832193975,0.49627685546875,10.9504385,0.84934384,6806.7354,WoodChop
-645.83307,31.839243,-2.8616643,-4.189638,2.502714,1.5632182,2.4340153,0.66051245,0.37790304,-0.25007743,-1.2491435,0.3396425,-0.9761364,5308.654727167655,0.5118272569444444,10.708124,0.84559405,5297.124,WoodChop
-697.4598,18.385256,7.4916773,4.330641,5.646839,3.1432626,1.0228217,1.7062135,4.100669,2.2742674,-0.6639151,0.86678797,1.1869872,5805.425057183277,0.5265887225115741,10.816981,0.82158834,5522.2534,WoodChop
-773.09973,32.471832,13.142106,3.8832002,4.9559913,3.5861301,5.1395226,0.9079734,1.6574152,2.6041577,3.0518527,3.9535782,0.82563066,5671.975724871985,0.5311640986689815,10.89772,0.78074497,2287.0913,WoodChop
-631.7804,31.879972,-3.5295136,-0.7569772,3.0506756,2.0893726,4.7442174,0.92569196,4.0860357,-0.047017574,0.062300213,3.6051748,2.2459586,5569.865771761593,0.5219545717592593,10.959547,0.8323874,7299.6206,WoodChop
-678.4446,1.8649027,-4.737231,2.3748627,6.6589813,3.3343642,5.1621547,1.2851632,-1.2980964,1.225868,2.966841,0.70566976,0.5975394,6312.547160023678,0.5887066876446759,11.169786,0.6777689,11326.424,WoodChop
-585.11414,25.684212,2.4281118,0.19404595,0.2522041,-0.19561538,1.2435797,0.9831531,0.4923359,-0.46159485,-1.7854204,-0.020804318,0.7699246,6083.132455951416,0.5940777813946759,10.636871,0.60217845,6765.6523,WoodChop
-675.36835,12.7123165,0.9372548,0.7728429,1.2023697,0.9971165,0.76158184,0.07985652,0.40343177,0.7466233,0.10657958,-0.3696216,-0.69007254,6877.053170634888,0.6824838143807871,10.677795,0.68732893,2072.8992,WoodChop
-557.25635,73.95136,30.556175,23.146507,15.787383,13.358047,9.477488,1.4763011,-0.6186553,0.17694238,-2.6164196,-8.602931,-11.073842,1552.5668041892282,0.03660753038194445,9.887728,0.52014995,1155.95,WoodChop
-556.4247,78.19119,7.5844994,18.398203,4.169758,12.605494,6.9621153,6.6954403,3.349371,7.4347034,0.1585289,3.3159153,-0.3602143,2716.2900670126105,0.12696894892939814,10.387104,0.6840959,1530.8496,WoodChop
-377.87115,129.24922,-15.103973,22.356264,-34.722866,20.245497,-8.255464,7.148389,-8.595711,-7.136544,-6.1408505,-15.223004,1.9630697,1681.0405848504242,0.09992811414930555,10.1214075,0.72995406,14959.369,WoodChop
-545.15497,95.76968,5.9448028,17.559944,9.087025,1.8291444,1.590885,4.084595,2.987119,7.6112885,2.6291943,5.1026373,1.1494433,2207.014637299363,0.09884078414351852,11.04551,0.7725921,3527.0923,WoodChop
-380.5975,128.93822,-14.452193,22.54618,-33.84097,19.562454,-7.6050935,6.5839353,-7.6513786,-7.8946114,-5.5664606,-15.315519,2.0028093,1669.783442920219,0.09953025535300926,10.122517,0.72689295,14941.826,WoodChop
-509.29742,71.66107,18.611198,13.345626,6.5267467,8.84459,7.1032205,5.6194296,2.276607,2.6793041,0.645712,3.9312053,2.0330508,2196.2757883039153,0.09282316984953703,10.654432,0.7695274,4291.578,WoodChop
-543.253,68.80863,18.445219,11.821795,5.067461,6.643333,5.2208548,6.601116,5.370538,6.3609066,5.3368826,9.016152,5.879556,2425.938828949787,0.0951854564525463,10.611456,0.80442613,2511.8262,WoodChop
-492.6346,67.24269,9.304032,24.751749,3.5559092,9.101892,6.793664,4.843763,2.0987492,10.018712,-0.020470371,9.8345175,-0.7785333,2931.702263498748,0.1274097583912037,11.297354,0.72162515,6001.7363,WoodChop
-547.568,83.14945,2.443199,19.943916,-1.5369331,8.816017,4.6616015,7.9663754,-0.35411656,3.7306097,1.2529006,10.185859,-3.0435832,2589.952632910013,0.11207637080439815,11.235913,0.73845536,3920.4653,WoodChop
-451.24973,34.986843,17.92622,11.278251,5.3992176,4.882616,5.166799,5.2685366,5.6387568,6.5153065,5.640555,4.766581,3.475375,2123.3386124331323,0.07890489366319445,10.173186,0.83494276,4230.6343,WoodChop
-620.33075,26.915962,0.41499266,5.746406,-14.224284,0.15942968,-11.693816,-1.954392,-9.077924,-3.5030987,-8.64441,-4.237421,-7.5679445,4121.9335768682495,0.30027714482060186,11.2893915,0.8875741,9187.9375,WoodChop
-673.9809,10.450448,-0.86588657,7.749764,-11.373937,-0.86623484,-8.189166,-2.6820278,-6.128967,-1.6145085,-6.9906006,-4.151876,-4.2523103,4452.40098482605,0.3631275318287037,11.341214,0.87707454,10399.728,WoodChop
-627.8695,-7.4897585,-4.668079,5.0178866,-24.979017,-5.1987343,-18.729843,-5.8452215,-17.264626,-5.356956,-15.032825,-4.4415646,-10.833758,4924.423061349678,0.4017740885416667,11.347219,0.80542856,5484.685,WoodChop
